year,mean_days,burned_ratio,mean_intensity,mean_aerosol,upd_geoid
2010,1,7.13e-4,129.6191537,136.7280639,06001
2011,1,0.006177036,341.645153,142.1718551,06001
2012,1,0.001057831,139.039039,133.263767,06001
2013,1,0.001024476,315.4651163,130.7517779,06001
2014,1,8.75e-4,162,143.7013386,06001
2015,1,0.00526692,355.363691,140.4607315,06001
2016,1,2.21e-4,57.73381295,147.356576,06001
2017,1,2.06e-5,489,150.4195808,06001
2018,1,4.97e-4,88.06389776,168.9814194,06001
2019,1.05894021,0.005605235,189.3142533,139.4508239,06001
2020,2.117226442,0.053533252,1010.211773,194.9025987,06001
2010,1.823529412,0.007605757,412.6372549,126.5781569,06003
2011,0,0,0,140.8463552,06003
2012,1.382323734,0.001766781,281.9076465,120.4504385,06003
2013,1,0.001342192,375.3333333,203.4077556,06003
2014,0,0,0,140.5094028,06003
2015,1.377358491,0.047424131,1719.95173,160.9993895,06003
2016,2.5,0.002684385,745.3333333,131.1802393,06003
2017,2.745057571,0.016151926,839.2095318,165.581059,06003
2018,2.948770165,0.043939694,533.1868571,180.6933107,06003
2019,1.038753159,0.006247774,752.6248245,131.1131146,06003
2020,3.559836427,0.04376249,2470.280832,243.3109547,06003
2010,1,0.005477251,64.8,113.4378204,06005
2011,1.097845207,0.009768839,215.9364556,122.9907635,06005
2012,1,0.011012497,331.9923932,115.3821724,06005
2013,1,0.012597678,669.0434783,133.6947936,06005
2014,1,0.00493597,586.6362054,123.1165319,06005
2015,1.37529425,0.019161787,1062.608,129.7038439,06005
2016,1,0.003073704,111.2683438,129.2672936,06005
2017,1,4.49e-4,263.3062201,142.9545419,06005
2018,1.279202279,0.013570695,248.4591643,165.0270917,06005
2019,1.438643371,0.010449736,399.6112025,119.6815736,06005
2020,1.339434276,0.006454565,355.484193,205.6524706,06005
2010,1.041668936,0.014253627,306.2027071,132.7112156,06007
2011,1.009766747,0.020270601,425.7865487,136.6049975,06007
2012,1.032939933,0.00881506,277.3059421,150.2959631,06007
2013,1.103015861,0.019873869,283.6131729,130.8293847,06007
2014,1.189363647,0.013591372,194.9273249,133.7612263,06007
2015,1.04,0.009898892,302.52,144.3146961,06007
2016,1.087359365,0.00821181,252.5037345,139.3650007,06007
2017,1.137584326,0.048106284,956.4558439,163.5802329,06007
2018,1.606001813,0.183274678,3992.956204,208.3015292,06007
2019,1.346424602,0.025145514,307.3749923,132.3331598,06007
2020,1.534235919,0.150307099,6803.129855,238.6706852,06007
2010,1,0.006074237,459.3157895,113.1562547,06009
2011,1.37289788,0.005143983,324.6882769,121.6142739,06009
2012,1.517441095,0.009524454,768.5137335,109.55846,06009
2013,1,0.00385642,316.4691157,131.6817022,06009
2014,1.030909091,0.010343129,410.9314545,114.6886053,06009
2015,1.228252151,0.092221842,2230.95676,123.9328143,06009
2016,1.1875,0.010230294,261.8125,129.3557817,06009
2017,1.169042095,0.003782451,196.6904209,140.3407763,06009
2018,1.088669111,0.014704795,229.0743883,162.5876393,06009
2019,1,0.005768331,151.1173658,112.5360609,06009
2020,1.130007283,0.017213473,242.078842,208.382432,06009
2010,1.011117893,0.025757184,370.0544123,128.6867666,06011
2011,1.069272051,0.034108954,344.0615185,133.0772755,06011
2012,1.424005169,0.132102148,2488.393178,138.2787116,06011
2013,1.074668889,0.049856817,455.701651,125.7335083,06011
2014,1.039185489,0.026251305,330.9681939,132.2183723,06011
2015,1.106243963,0.059297899,1002.70257,145.2278806,06011
2016,1.057865774,0.019795164,187.9647416,137.0305551,06011
2017,1.169270907,0.039600436,382.8382795,162.0588555,06011
2018,1.841436896,0.145117747,3836.471065,243.085131,06011
2019,1.156090333,0.043958808,347.1468552,132.7542446,06011
2020,1.674155076,0.033705796,218.0754143,213.6477386,06011
2010,1,0.001043201,98.35968992,131.3436099,06013
2011,1,0.003786255,279.8163178,137.08677,06013
2012,1,0.002838478,415.9065527,126.6638955,06013
2013,1,0.014119611,939.661512,128.2636771,06013
2014,1,0.001169356,174.3443983,133.0770747,06013
2015,1,0.007109944,190.676979,134.6328348,06013
2016,1,0.001835711,73.08546256,138.5318143,06013
2017,1.222222222,0.003711856,128.5,149.1390552,06013
2018,1,0.002886999,66.14285714,173.556011,06013
2019,1.073998839,0.005573445,107.275682,131.6729205,06013
2020,1.159591113,0.015505694,1343.581725,197.8556301,06013
2010,1,4.99e-4,129.3312102,149.8357486,06015
2011,0,0,0,144.2423227,06015
2012,0,0,0,163.3880441,06015
2013,1,0.003784847,197.5,153.4504298,06015
2014,1,2.7e-4,390,182.8634159,06015
2015,2.090231353,0.056456768,624.892497,196.7731364,06015
2016,1,1.36e-4,209,144.2355434,06015
2017,2.103031461,0.03885458,1030.444865,261.7958101,06015
2018,2.006673665,0.014138576,392.6432326,223.5899957,06015
2019,1,5.41e-4,148,142.247726,06015
2020,1.663238773,0.045258075,1431.353456,225.9913553,06015
2010,1.02321136,0.008000816,311.8095303,112.107009,06017
2011,1.212986263,0.017654085,569.9519203,122.8350723,06017
2012,1,0.009067008,254.5833735,114.0870845,06017
2013,1.051276895,0.007243411,341.7873014,135.5240692,06017
2014,1.603630263,0.069893162,2412.032813,132.4414091,06017
2015,1.263503992,0.015504949,586.257562,133.7672631,06017
2016,1.464332874,0.025921448,627.543569,127.3200331,06017
2017,1.367072469,0.017707249,440.863556,141.2044966,06017
2018,1.083644952,0.011101077,297.8794529,159.2222038,06017
2019,1.919308138,0.01911573,1263.735642,116.7614153,06017
2020,1.179691679,0.014975494,810.1544035,200.0225198,06017
2010,2.008426076,0.010079593,248.1692222,148.7845519,06019
2011,1.090056506,0.005513616,168.3116858,157.7514334,06019
2012,1.149472219,0.011498672,601.8683792,139.3040439,06019
2013,1.61056245,0.019979611,336.4655201,154.2640043,06019
2014,1.150677884,0.015559241,257.1255973,146.8767386,06019
2015,2.139414771,0.060323946,1157.4644,186.2697035,06019
2016,1.09613246,0.033268412,731.6698674,157.2975706,06019
2017,1.233460373,0.042690067,618.1102262,166.2496292,06019
2018,1.17059198,0.024132564,408.0982576,170.1296609,06019
2019,1.119441178,0.016740978,250.4786823,142.4362331,06019
2020,2.392753696,0.093966437,1712.765389,268.1202574,06019
2010,1.177992721,0.019674006,344.4655731,132.65884,06021
2011,1.032685966,0.013384445,356.1460608,133.5274146,06021
2012,1.023587406,0.018505749,495.4636383,147.0334871,06021
2013,1.0525719,0.019031514,278.8611999,124.8304991,06021
2014,1.086785298,0.020175248,378.92729,131.9697235,06021
2015,1.158872318,0.025190614,320.461956,145.0551684,06021
2016,1.065758434,0.016632221,456.222753,140.6549362,06021
2017,1.058176675,0.021497508,245.2876665,169.7426065,06021
2018,2.208770364,0.079117814,1014.368944,255.6669858,06021
2019,1.38441772,0.028629666,464.7681845,129.9787087,06021
2020,2.291782995,0.270447204,3134.020917,241.9261552,06021
2010,1.214285714,0.003437041,397.202381,144.8291679,06023
2011,1.034482759,0.002373195,552.7413793,137.681417,06023
2012,1,0.001800355,349.3181818,157.6717042,06023
2013,3.250862409,0.012696836,1076.457451,137.8108433,06023
2014,1,0.002290077,434.9851457,155.5285925,06023
2015,2.205854724,0.025175446,757.808906,198.1108299,06023
2016,1,0.003134094,240.2597788,142.208522,06023
2017,1,0.001391183,195.2941176,217.0477838,06023
2018,1.377250123,0.004581759,307.6427121,183.7479384,06023
2019,1,6.55e-4,91.875,135.4569782,06023
2020,3.450250468,0.028773268,1447.065737,226.2764543,06023
2010,1.075877602,0.011189344,1794.448522,140.6551693,06025
2011,1.065116669,0.013816934,1353.676157,153.8098452,06025
2012,1.029560648,0.007496351,1316.474477,151.8465736,06025
2013,1.102538514,0.004644267,1244.38137,157.7988177,06025
2014,1.032295023,0.004045231,541.7926244,153.7941116,06025
2015,1.068594486,0.004307382,741.337727,158.8957174,06025
2016,1,0.004664834,783.6305887,158.6563512,06025
2017,1.023198544,0.008116243,738.597648,157.2282587,06025
2018,1.117544021,0.006284085,1143.252731,165.6604174,06025
2019,1.037037037,0.003691545,649.3156387,152.3607953,06025
2020,1.517665831,0.002541558,488.0261731,162.2955895,06025
2010,1.26846192,7.69e-4,443.3765075,136.1340368,06027
2011,1.076086957,0.002979933,999.8369565,145.8982676,06027
2012,1.058823529,0.001101279,212.3382353,143.343949,06027
2013,1.027027027,0.001198451,798.6486486,147.6189015,06027
2014,0,0,0,142.0427773,06027
2015,0,0,0,155.0386671,06027
2016,1.105263158,0.001230842,640.0614035,146.3979014,06027
2017,1,6.48e-5,136,146.6653218,06027
2018,1.053571429,0.001813872,2046.678571,155.1339391,06027
2019,1.401869159,0.003465791,1547.628816,144.6339426,06027
2020,1.126315789,0.006154209,10702.58684,180.3263413,06027
2010,1.084148823,0.006573437,613.4929634,158.2264637,06029
2011,1.06741006,0.013251008,857.4703864,159.878211,06029
2012,1.019002906,0.008546551,1172.728435,145.8938626,06029
2013,1.092164233,0.004405432,365.9019445,154.1145259,06029
2014,1.338468345,0.007876692,1533.719959,154.7497397,06029
2015,1.145016824,0.006719606,281.545033,162.9369261,06029
2016,1.384231354,0.022612472,2565.859215,169.3863638,06029
2017,1.158264759,0.014879718,575.0302833,164.613725,06029
2018,1.16260681,0.009987854,470.198201,166.1227562,06029
2019,1.117156734,0.007277848,274.2759036,153.7335642,06029
2020,1.301571211,0.012251872,1530.344029,198.2387663,06029
2010,1.114761476,0.004155838,96.81908191,167.5008808,06031
2011,1.067639257,0.003525542,153.8302387,166.9250641,06031
2012,1.062607415,0.00761779,302.6232507,152.9262357,06031
2013,1,0.002502481,108.4869208,163.3787592,06031
2014,1.208295142,0.008162052,251.8383173,166.4061052,06031
2015,1.002035831,0.004593492,271.338966,175.6145161,06031
2016,1.517859276,0.015656401,389.5168439,178.7995228,06031
2017,1.345665741,0.031317477,829.3873038,177.1846822,06031
2018,1.002165881,0.007340048,161.8686457,176.8088451,06031
2019,1.166856399,0.005750281,195.1093674,156.9876267,06031
2020,1,0.004514004,156.7064429,224.9987042,06031
2010,1,0.001966395,124.0253984,113.6472722,06033
2011,1,0.001248582,306.2,112.8015713,06033
2012,1.116794667,0.013516028,590.7545283,117.3781065,06033
2013,1.043478261,0.005743479,1158,99.67971621,06033
2014,1.079954013,0.009369755,452.0876359,108.179133,06033
2015,1.319457789,0.093771973,1962.56813,118.8057404,06033
2016,1.254152824,0.023581072,1675.528239,110.8557146,06033
2017,1.239130435,0.011486959,207.0217391,140.7164268,06033
2018,1.79980692,0.415895483,3148.08575,196.606592,06033
2019,1.318715577,0.009423615,334.1924729,117.0862134,06033
2020,2.199236321,0.104900515,661.2972696,184.3857448,06033
2010,1.080359957,0.007859571,1647.798978,133.1407944,06035
2011,1.154701719,0.002721774,306.528817,140.3211801,06035
2012,1.189140697,0.05445145,1626.21125,153.7099211,06035
2013,1.071428571,0.001964961,307.5357143,138.3897855,06035
2014,1.130758516,0.010866457,1874.708636,141.9512834,06035
2015,1.173792955,0.007672156,3910.68663,161.6919726,06035
2016,1.015278711,0.004917357,768.3646743,144.5369373,06035
2017,1.035232073,0.009967088,1395.124458,155.3729922,06035
2018,1.452054795,0.010245871,1618.698059,195.9304447,06035
2019,1.044819404,0.003131554,484.9400211,129.5685247,06035
2020,1.387845165,0.046084677,1315.87677,183.9895683,06035
2010,1,0.007972153,3739.061404,151.0013022,06037
2011,1,0.002147298,2249.002299,157.1796923,06037
2012,1.392385585,0.005524836,530.9772163,147.9233166,06037
2013,1.175747597,0.014324645,4592.077651,151.4032652,06037
2014,1.078431373,0.003566489,398.1372549,143.7929528,06037
2015,1,0.001678348,1374.25,144.9107396,06037
2016,1.472067039,0.025035356,6768.625,158.2426914,06037
2017,1.190184049,0.01139878,1149.960123,149.9302262,06037
2018,1.083881079,0.02257186,3624.408122,151.3102047,06037
2019,1.030819434,0.009076242,798.8088289,144.8967528,06037
2020,2.23928054,0.063031014,2287.064959,174.1835865,06037
2010,1.096673071,0.005975201,204.1964304,139.5843295,06039
2011,1.130022435,0.011850101,212.2584387,152.9486236,06039
2012,1.060297943,0.005110552,140.6473753,132.4159159,06039
2013,1.252906076,0.015593892,262.3910706,156.2380425,06039
2014,1.417561773,0.027338857,483.0729236,138.6907595,06039
2015,1.27756845,0.036081418,1033.24634,162.8408812,06039
2016,1.110272977,0.019544932,260.2960244,150.7822564,06039
2017,1.582848237,0.051018515,474.6015414,168.7375477,06039
2018,2.112303779,0.043572021,454.9774824,190.7867998,06039
2019,1.020085066,0.015342533,226.023275,130.7970282,06039
2020,2.848641182,0.16903856,1856.557616,295.2993875,06039
2010,1,1.9e-4,329,162.9007088,06041
2011,0,0,0,148.4855687,06041
2012,1,2.61e-4,89,141.4986939,06041
2013,0,0,0,128.3088513,06041
2014,1,8.01e-4,554,143.977798,06041
2015,0,0,0,136.8186171,06041
2016,1,4e-4,96,137.8179816,06041
2017,0,0,0,173.547074,06041
2018,1,0.001601897,114,180.4260918,06041
2019,0,0,0,146.5491962,06041
2020,1.944444444,0.007208537,491.1805556,166.2849818,06041
2010,1,4.53e-4,111,133.0372282,06043
2011,1.548380252,0.012568843,322.6901053,146.9068849,06043
2012,2.333333333,0.003400469,91.55396825,126.1624054,06043
2013,2.255844782,0.022131049,609.5684784,154.9139227,06043
2014,1.30315706,0.020190337,629.5440646,129.5828958,06043
2015,1.266666667,0.003400469,431,147.1850354,06043
2016,1.80055788,0.002549685,285.9249477,145.0675155,06043
2017,1.707989277,0.131184297,1848.119424,174.8461907,06043
2018,2.991529604,0.147550107,866.7863161,208.3724898,06043
2019,1.557188065,0.011798959,839.8516991,130.2543844,06043
2020,3.437796209,0.016750752,855.5311225,267.7747447,06043
2010,1.153614458,0.001114593,108.9200301,133.6249378,06045
2011,1.258064516,0.002653873,268.9193548,126.4548504,06045
2012,1.945044177,0.020898617,850.8463936,136.5452948,06045
2013,1.212804006,0.002816026,151.1881259,117.0697476,06045
2014,1.340425532,0.004023613,258.2659574,134.6905128,06045
2015,1,0.001027306,118.25,138.1911646,06045
2016,1.3,8.56e-4,128.05,126.1175897,06045
2017,1.226950355,0.01207084,827.2411348,164.6231794,06045
2018,1.220292578,0.012507277,780.4642509,178.7320492,06045
2019,1.118424272,0.005488363,504.9292574,130.106608,06045
2020,2.444986157,0.090253489,4017.623179,203.1946057,06045
2010,1.045454545,0.011057092,339.8712121,151.5909191,06047
2011,1,0.009698443,255.5699092,159.0826447,06047
2012,1.022222222,0.007538926,110.1555556,137.3308956,06047
2013,1.067003876,0.010001314,179.0505814,143.2128246,06047
2014,1.047987165,0.009008607,393.8545435,142.8915118,06047
2015,1,0.009354839,342.193272,156.8485481,06047
2016,1.094700214,0.012272518,294.874197,163.7977168,06047
2017,1.189948893,0.02468169,375.2749303,168.4449827,06047
2018,1.046634967,0.017962026,287.0488296,172.8197819,06047
2019,1.097325149,0.02065633,186.3777075,149.1936531,06047
2020,1.159965413,0.019754944,381.6506036,229.5788264,06047
2010,1.052631579,0.001499856,798.6315789,129.5054721,06049
2011,1.145797599,0.004872907,491.0808398,143.1529559,06049
2012,1.578582316,0.022137504,1981.310693,164.122511,06049
2013,1.671532847,0.010814752,883.7149635,133.8522904,06049
2014,1.280982629,0.019104049,3288.048394,145.167255,06049
2015,1.193158713,0.015529779,598.494014,160.1578088,06049
2016,1.19047619,0.006630943,479.4424603,141.998827,06049
2017,1.379024678,0.042487254,1248.431197,173.194411,06049
2018,1.715499878,0.026589089,1225.46607,224.7688976,06049
2019,1.05267942,0.00749247,2106.613416,136.1662148,06049
2020,1.387246985,0.011501063,986.6801316,191.8633678,06049
2010,1.142857143,0.002217359,345.9285714,133.4666296,06051
2011,1.058823529,0.001795005,498.7352941,149.4966585,06051
2012,1.028571429,0.003695599,576.9571429,138.6998283,06051
2013,0,0,0,159.4612613,06051
2014,1,5.28e-4,130,141.085534,06051
2015,1.16344542,0.008398222,1686.54297,166.2727399,06051
2016,1.165517241,0.015310337,2328.093103,139.5302097,06051
2017,1.271841593,0.007862826,958.282927,155.4611934,06051
2018,1.037282519,0.008496357,2500.989229,168.7909964,06051
2019,2.432432432,0.007813551,456.8261744,138.1716419,06051
2020,1.574632903,0.020472581,2754.257842,222.2572384,06051
2010,1.13,0.008801942,622.4983333,134.993159,06053
2011,1.007798165,0.011287196,537.9463303,132.1875032,06053
2012,1.025867316,0.006805454,500.7689947,131.0723529,06053
2013,1.103448276,0.010210253,986.6135057,125.1714933,06053
2014,1.06779661,0.005193146,548.2881356,135.7654662,06053
2015,1.139240506,0.006953534,329.139241,130.6113214,06053
2016,2.343978306,0.080231253,1503.604546,175.6214974,06053
2017,1,0.007181004,1295.435541,137.9647878,06053
2018,1.059724564,0.007368779,305.1745831,138.5230689,06053
2019,1.155917727,0.007921057,658.0780242,131.9887498,06053
2020,1.781335416,0.099802975,1676.131735,182.6580678,06053
2010,1,0.003737701,134.5935569,119.9668463,06055
2011,1,0.015142143,562.9722222,119.3420439,06055
2012,1.111111111,0.003785536,73.05555556,117.8520576,06055
2013,1,0.007991687,166.8421053,109.8593634,06055
2014,1.216702719,0.021350752,1601.767074,122.5502188,06055
2015,1.009512066,0.009364046,611.841289,129.6608184,06055
2016,1,0.004689446,130.7221245,122.3941393,06055
2017,1.369799772,0.158992503,2062.055735,155.0997411,06055
2018,1.168212928,0.065071628,904.163553,178.5786881,06055
2019,1.729446064,0.005657685,220.3895773,120.1373966,06055
2020,1.439065218,0.40302348,2461.783006,184.4746973,06055
2010,1,0.001482066,622.1388638,104.4484099,06057
2011,1,0.004995456,181.7054575,115.2066284,06057
2012,1,6.82e-4,105,109.5397097,06057
2013,1,0.001022345,218.3333333,131.9329341,06057
2014,1,0.001363126,157,130.7629614,06057
2015,1.166955517,0.009253221,494.254549,129.2459532,06057
2016,1.600470958,0.001702571,105.0196232,120.6648304,06057
2017,1,0.007837975,223.3043478,135.1723833,06057
2018,1,0.003067034,159.6666667,148.8779303,06057
2019,1,0.003343668,342.7701839,106.1632636,06057
2020,1,0.002044689,153,192.6072554,06057
2010,1,0.001256531,420.9967285,164.7923615,06059
2011,0,0,0,173.2217331,06059
2012,1.325704225,7.78e-4,214.5123239,165.0899017,06059
2013,1,0.002988543,1014.582302,162.5989314,06059
2014,1.167596439,0.011544464,7271.182315,156.3609601,06059
2015,1,9.77e-4,301.593268,155.612845,06059
2016,1,0.004246445,276.892546,162.2591161,06059
2017,1.037277977,0.018746566,1610.075433,164.2970363,06059
2018,1.900283039,0.037761703,6943.085042,165.1556653,06059
2019,1,2.85e-4,134.8798077,150.2859074,06059
2020,1.162969925,0.036448991,1605.798402,176.4937746,06059
2010,1.01984127,0.011139763,397.8645347,112.8322815,06061
2011,1.256797583,0.002582116,135.2920443,121.8009835,06061
2012,1.319099015,0.005541278,186.7397153,112.1106663,06061
2013,2.871125355,0.049273428,1330.618158,131.2574663,06061
2014,1.388526616,0.050510312,2550.700182,140.53706210000001,06061
2015,1.030717286,0.010525221,484.16841,136.9874168,06061
2016,1.056342302,0.008568915,614.3097815,126.7308567,06061
2017,1,0.00438587,263.2549407,140.4989495,06061
2018,1.208379764,0.011667627,1228.800312,159.3165344,06061
2019,1.161290323,0.002740735,304.8247944,113.6811248,06061
2020,1.328565494,0.014604253,567.3394874,200.0475659,06061
2010,1.41517421,0.004589722,296.5015196,119.1660363,06063
2011,1,0.001018278,154.9212329,123.0536921,06063
2012,2.848534048,0.062954868,975.6072481,135.2405761,06063
2013,1.074074074,0.003429962,205.5925926,126.473692,06063
2014,1.027027027,0.004700318,227.0810811,125.6770657,06063
2015,1.2,0.006351781,323.036667,137.6468345,06063
2016,1.291666667,0.003048855,478.1041667,126.7546619,06063
2017,1.701149425,0.011052099,511.8678161,144.6132698,06063
2018,1.231000785,0.011419257,405.9795829,156.757744,06063
2019,1.738403386,0.045074729,1956.899775,119.2047354,06063
2020,2.633621323,0.123508515,2646.580953,196.5021366,06063
2010,1.156613292,0.004061307,360.8566133,142.7900432,06065
2011,1.117647059,0.003861761,252.9082353,152.4772246,06065
2012,1.163796262,0.003403516,308.5616657,149.8395499,06065
2013,1.303955834,0.016006842,4441.047378,153.9862024,06065
2014,1.072418572,0.001542566,210.1809309,148.6701922,06065
2015,1.254186603,0.002681051,433.158808,153.3338402,06065
2016,1.042713568,0.002127309,163.871608,154.3598696,06065
2017,1.102478232,0.005320054,469.3966092,146.6130344,06065
2018,1.498558903,0.011745097,3916.025936,152.2929673,06065
2019,1.19716141,0.006941904,746.9703116,143.2365637,06065
2020,1.217702363,0.013397948,1410.168031,160.9684514,06065
2010,1.044293903,0.007520761,202.4832378,146.8631172,06067
2011,1,0.004101996,237.8961783,148.2098224,06067
2012,1.043023452,0.007742844,148.8432597,139.1268989,06067
2013,1,0.016200271,190.6636952,138.9750733,06067
2014,1,0.003984423,214.3396721,147.3338793,06067
2015,1.033255086,0.010017231,389.095201,154.6696606,06067
2016,1,0.006794421,154.018458,147.5956869,06067
2017,1.008117777,0.009494684,159.2634838,160.4519662,06067
2018,1.137103336,0.016055265,313.3102455,206.2048902,06067
2019,1,0.006441701,181.1750152,142.2683613,06067
2020,1.058152794,0.017185273,458.5326872,223.3249257,06067
2010,1,4.77e-4,96.5,118.0474862,06069
2011,1,5.97e-4,85.60188088,121.0205761,06069
2012,1,7.28e-4,121.9305913,118.7249745,06069
2013,1.147058824,0.008108411,1327,116.650264,06069
2014,1,0.00357724,259.3333333,126.8887092,06069
2015,1,0.005783439,1523.58069,127.0508571,06069
2016,1,9.54e-4,105,151.7099275,06069
2017,1,5.33e-5,176,129.5000184,06069
2018,1.166051661,0.017234349,997.0304971,128.1619495,06069
2019,1.10312886,0.004543329,436.0077192,121.2845334,06069
2020,1,0.006915998,2368.724138,177.2600486,06069
2010,1.476116384,3.99e-4,184.3264872,137.2227928,06071
2011,1.204392433,8.06e-4,831.5154497,145.2598236,06071
2012,1.461415647,5.91e-4,1534.034114,141.8074887,06071
2013,1.670064609,0.001334041,920.372302,148.7683004,06071
2014,1.886363636,7.09e-4,1533.82337,141.8852123,06071
2015,1.974847647,0.004565277,2629.49191,148.2673424,06071
2016,1.265269728,0.004332725,1867.198449,151.7810299,06071
2017,1.32800441,0.001038729,975.9332966,146.9225076,06071
2018,1.414095486,7.8e-4,879.3606893,157.5967109,06071
2019,1.273551785,6.63e-4,251.9912229,146.804378,06071
2020,1.861928141,0.007263673,2029.923879,166.0685392,06071
2010,1.05957248,0.004915299,866.792314,133.4777322,06073
2011,1.128787879,0.009662945,574.9936869,135.6051291,06073
2012,1.146731625,0.022450415,1092.694626,133.1324187,06073
2013,1.142857143,0.006149147,1279.607143,134.9781181,06073
2014,1,0.01434801,2929.040816,130.8140566,06073
2015,1.209742277,0.003141175,521.247304,129.3770496,06073
2016,1.24832146,0.005601121,1019.730844,132.9282506,06073
2017,1.051408699,0.005695855,984.3071418,133.5558969,06073
2018,1.089469297,0.004132732,645.4342873,133.4913539,06073
2019,1.142511177,0.001541019,168.8366244,127.65327,06073
2020,1.052774544,0.011096885,2238.033799,144.0873966,06073
2010,0,0,0,161.8723179,06075
2011,0,0,0,147.3717187,06075
2012,0,0,0,143.1479659,06075
2013,0,0,0,132.1765376,06075
2014,0,0,0,137.245736,06075
2015,0,0,0,135.3916437,06075
2016,0,0,0,137.4490711,06075
2017,0,0,0,160.9891721,06075
2018,0,0,0,167.7868363,06075
2019,0,0,0,152.5151152,06075
2020,1,3.6e-4,143.5,168.9816383,06075
2010,1.331253814,0.013446177,170.5299213,137.2670432,06077
2011,1.042938931,0.016244462,171.1915132,139.8462014,06077
2012,1.082264699,0.011305292,140.1457376,131.3573359,06077
2013,1.202497022,0.020667558,297.2150042,133.604984,06077
2014,1.079765396,0.023319046,185.4354643,137.4001982,06077
2015,1.206123068,0.018047984,209.8058,143.5375568,06077
2016,1.112653834,0.014447323,121.8778006,138.649484,06077
2017,1.131249094,0.044009399,203.6511281,151.2334038,06077
2018,1.153177696,0.026441017,174.7145419,189.9110617,06077
2019,1.119604371,0.044802657,185.4381627,132.1963088,06077
2020,1.336264338,0.059935646,923.3784064,215.2610932,06077
2010,1,0.002292507,528.16,145.1541537,06079
2011,1,0.001558905,217.6470588,143.992628,06079
2012,1.018311073,0.005007915,614.9378501,132.297508,06079
2013,1.032671365,0.002806748,264.9881486,131.4383147,06079
2014,1,0.001192104,180.4615385,138.0219708,06079
2015,1.216216216,0.003392911,1589.13514,142.3042893,06079
2016,1.673477784,0.026222689,1559.555793,159.3281672,06079
2017,1.029609143,0.008841707,1384.392667,151.0700202,06079
2018,1,0.004493315,150.0408163,143.9754847,06079
2019,1.090964684,0.007056607,351.4297508,142.6866085,06079
2020,1.048678057,0.007535247,263.2312446,175.9553246,06079
2010,0,0,0,162.0996236,06081
2011,0,0,0,161.3094802,06081
2012,0,0,0,146.5900653,06081
2013,1.192272309,0.001913436,146.6320147,138.8631401,06081
2014,0,0,0,152.9663184,06081
2015,0,0,0,144.0941995,06081
2016,0,0,0,153.5467353,06081
2017,1,4.49e-4,170,164.1940021,06081
2018,0,0,0,175.566668,06081
2019,0,0,0,155.687675,06081
2020,1.643684014,0.051852882,1699.345546,187.4689162,06081
2010,1,9.65e-4,254.7272727,137.8449632,06083
2011,1,0.00184179,218.4761905,137.6742726,06083
2012,1.116332117,0.003015651,398.1256843,129.1745221,06083
2013,1,0.001613071,421.0916844,127.6970143,06083
2014,1.235294118,0.001490973,315.4705882,132.5211837,06083
2015,1.571428571,0.00245572,667.017857,128.3641203,06083
2016,1.543319377,0.027764765,3786.533381,140.2647627,06083
2017,1.620426005,0.047052827,4075.579568,142.0673209,06083
2018,1.094339623,0.004648326,800.0943396,138.9469094,06083
2019,1.026315789,0.006665525,1651.065789,135.9497195,06083
2020,1,0.001912641,295.8448121,157.7166989,06083
2010,1,0.003305065,607.6153846,131.8689851,06085
2011,1,2.54e-4,181,134.7792675,06085
2012,1,2.54e-4,75,129.4754283,06085
2013,1,0.001525415,58.66666667,123.288945,06085
2014,1,5.08e-4,152,134.0770912,06085
2015,1,4.45e-4,89.0067265,129.1552158,06085
2016,1.633704735,0.010737722,636.8480966,150.2549536,06085
2017,1,0.001016943,96.5,141.1584234,06085
2018,1,5.08e-4,105.5,150.7535373,06085
2019,1,0.001525415,167,131.3751852,06085
2020,1.470676079,0.195616975,2116.878707,182.8211903,06085
2010,1,0.003827474,290.4285714,156.5258958,06087
2011,1,1.16e-4,88,161.3370138,06087
2012,1,0.004882442,305.9064559,150.7986639,06087
2013,1.031463748,0.003134884,82.80916553,141.8601364,06087
2014,0,0,0,150.1293989,06087
2015,1,0.006014602,230.272727,142.4224852,06087
2016,1.187103988,0.005753005,283.3407877,164.6816572,06087
2017,0,0,0,159.7245903,06087
2018,1,0.002187128,1065.5,164.4181182,06087
2019,0,0,0,152.9729983,06087
2020,1.28837128,0.171779615,4537.81116,194.4514334,06087
2010,1.063613685,0.003798007,194.2143175,121.9424606,06089
2011,1.033103985,0.002606562,236.4268467,124.5009146,06089
2012,2.34239348,0.052399911,1198.016014,156.9409113,06089
2013,1.039803325,0.004335697,506.9822056,113.9494219,06089
2014,1.447004199,0.049557835,6933.839778,123.3245309,06089
2015,1.226371776,0.004421646,423.819609,153.1468657,06089
2016,1.128451279,0.003983103,335.7267012,120.915373,06089
2017,1.475081509,0.00290603,391.7434211,167.39865,06089
2018,2.299192505,0.147543308,2246.859981,235.3778867,06089
2019,1.067146493,0.003855194,703.26547,115.9784852,06089
2020,1.19269014,0.031579902,1169.320016,205.3757076,06089
2010,1,0.004786009,132.669022,109.5394533,06091
2011,1.189044481,0.016422316,512.9181219,120.6779917,06091
2012,1,0.002759598,643.25,115.0095243,06091
2013,1.1,0.003449498,188.8,139.0230115,06091
2015,1,0.001379799,353,135.0162392,06091
2016,1,3.44e-4,80,126.8550444,06091
2017,1,0.001657112,219.3102041,139.8679076,06091
2018,1,0.003017973,129.3312416,145.519857,06091
2019,1,0.005059264,290.223262,111.3278035,06091
2020,1.288624788,0.033464189,3104.615834,188.8352211,06091
2010,1.127659574,0.004913436,365.1843972,120.1305692,06093
2011,1.348335532,0.002641612,391.846706,128.4368996,06093
2012,2.255615985,0.014684552,498.9765534,156.9769821,06093
2013,2.05075655,0.015592831,381.4822067,138.6402182,06093
2014,2.293169866,0.069068518,980.4260615,176.3956132,06093
2015,1.137098551,0.009305806,589.62603,169.9971423,06093
2016,1.963855422,0.017353837,904.4710843,132.4876289,06093
2017,2.785360114,0.078657609,1324.007003,230.5081133,06093
2018,2.058661974,0.024771547,519.6160602,225.2463888,06093
2019,1.17385286,0.009921779,620.9344152,126.857289,06093
2020,1.91233329,0.054618261,6201.524875,204.1472901,06093
2010,1.220888504,0.011618227,186.6471353,147.0941383,06095
2011,1.117647059,0.006232523,116.5294118,145.8530522,06095
2012,1.060961033,0.006013989,406.2419316,136.7942889,06095
2013,1,0.008882243,315.4357397,140.8201663,06095
2014,1,0.008402044,346.7636893,133.3998058,06095
2015,1.236500987,0.016748018,591.379732,146.7494213,06095
2016,1.096369637,0.01089074,308.5949835,139.9517668,06095
2017,1.210172872,0.021623331,619.0910239,168.7187519,06095
2018,1.023479582,0.031228749,2129.997905,203.1003893,06095
2019,1.095238095,0.007698999,528.015873,135.1882761,06095
2020,1.04462972,0.070356339,7336.3797,217.3306085,06095
2010,1.031618103,0.00594035,529.1561686,143.8572615,06097
2011,1.083333333,0.002253871,102.7083333,131.7027959,06097
2012,1,8.16e-4,59.77166065,128.8043356,06097
2013,1.124450952,0.00452763,285.2125427,116.9491088,06097
2014,1.125,0.001502581,106.375,133.8533332,06097
2015,1,0.002824705,123.189048,133.9894259,06097
2016,1,0.001690404,217.2222222,132.2866249,06097
2017,1.559879169,0.082415089,2107.8768,163.6064763,06097
2018,1,0.002629517,139.0714286,175.4258208,06097
2019,1.441744374,0.052527724,1571.593507,132.406437,06097
2020,1.209057299,0.062357844,1084.23435,178.7405307,06097
2010,1.0927729370000001,0.006708917,227.2260379,134.0517992,06099
2011,1.035411748,0.006190532,104.8907096,139.4207849,06099
2012,1,0.006129495,97.70673212,126.5961872,06099
2013,1.039421813,0.011121637,154.851859,129.9657754,06099
2014,1.045214521,0.007814461,163.6289879,132.4798898,06099
2015,1.042749371,0.010255943,117.820956,138.6416262,06099
2016,1.062452039,0.014563783,157.7733015,142.2813036,06099
2017,1.210528676,0.0383433,289.8093882,146.0595205,06099
2018,1.116106402,0.02940954,177.2614002,163.5719676,06099
2019,1.008466979,0.025890883,500.0658598,125.1851189,06099
2020,1.391751709,0.19392071,1301.686477,209.6852687,06099
2010,1.034258392,0.043324222,304.394563,141.8037339,06101
2011,1.014147018,0.038493572,260.8868793,145.5532677,06101
2012,1.073900166,0.029562636,1122.206711,145.0931464,06101
2013,1.049047603,0.063569385,328.6192932,143.2769916,06101
2014,1.087194765,0.040142229,411.478055,152.9986687,06101
2015,1,0.034228847,511.639693,159.536149,06101
2016,1.157938201,0.031031905,211.9131512,147.9534007,06101
2017,1.124802632,0.064921198,337.3439364,166.9116497,06101
2018,1.233433116,0.072767266,202.5833679,231.4301086,06101
2019,1.296193342,0.09295904,220.5677192,146.7938765,06101
2020,1.210091213,0.092480673,261.2176539,230.6684085,06101
2010,1.066762665,0.003356327,184.7165859,125.4107593,06103
2011,1.130557215,0.005148946,296.3758853,127.4835463,06103
2012,1.49201534,0.023028559,734.3697461,152.6432151,06103
2013,1.096014598,0.015169596,984.2113335,118.6374227,06103
2014,1.147041864,0.003809754,359.4726098,126.5238137,06103
2015,1,5.6e-4,81.2,151.0908816,06103
2016,1.137931034,0.003249121,243.737931,131.50505,06103
2017,1.311688312,0.003721441,279.9848623,168.1286301,06103
2018,1.217305197,0.012867311,372.5201632,232.7717285,06103
2019,1.580068604,0.024336555,962.8475086,120.3691139,06103
2020,2.861441921,0.153125659,1735.848534,244.3345021,06103
2010,1.030696457,0.004041086,252.3687097,114.9349455,06105
2011,1.319339354,0.004998892,247.6018225,117.8136794,06105
2012,1.391520019,0.006887253,358.1779261,136.3442728,06105
2013,1.376256344,0.004087044,606.7206256,114.3360252,06105
2014,1.582342296,0.009438962,2139.429593,126.5809643,06105
2015,2.379362486,0.110265603,602.338778,214.4267096,06105
2016,1,8.25e-4,97.2943787,117.6061423,06105
2017,2.154533796,0.032666665,1304.145063,179.0254664,06105
2018,2.16276035,0.031790202,2214.176693,186.2306889,06105
2019,1.5325179,0.006816486,565.7495078,117.207259,06105
2020,2.486872656,0.233443078,5293.018403,243.1782135,06105
2010,1.084519499,0.009719246,1176.026105,153.1849751,06107
2011,2.15009837,0.014404663,586.3265091,168.1580578,06107
2012,1.073540227,0.007305619,193.4653993,144.7139904,06107
2013,1.224701535,0.009450349,778.4499645,154.182565,06107
2014,1.341673155,0.007590903,292.2796941,152.8795284,06107
2015,1.331746759,0.022857326,337.289806,174.1330564,06107
2016,1.543110629,0.040633275,1068.897303,163.7884325,06107
2017,1.958676003,0.065742513,1089.097468,171.6003425,06107
2018,1.534684088,0.025535282,317.7310383,177.3202431,06107
2019,1.312147878,0.03003857,351.7442201,139.1777232,06107
2020,2.756959518,0.098023593,1778.867582,263.4337767,06107
2010,1.672413793,0.008457499,186.041092,126.1437698,06109
2011,1.239300283,0.008270507,301.3033545,140.3300591,06109
2012,1.18216669,0.008054924,372.6558521,123.9330699,06109
2013,2.585141587,0.185714433,2207.386399,183.9051816,06109
2014,1.129625864,0.005624608,246.0866714,131.0612831,06109
2015,1.239796878,0.012161872,657.62413,145.0728161,06109
2016,1.074823944,0.007795309,653.7794894,134.0117797,06109
2017,1.569322255,0.014039791,533.8357249,168.6209012,06109
2018,2.085025359,0.033936928,1281.820407,194.4771871,06109
2019,1.135099587,0.009129981,356.5859326,124.002692,06109
2020,1.735274183,0.017505135,1289.918268,243.8301484,06109
2010,1.333333333,0.00855394,269.8830409,147.9706945,06111
2011,1.236363636,0.008253802,260.6909091,149.5267018,06111
2012,1.233766234,0.011555322,328.038961,138.3256267,06111
2013,1.10551658,0.031289117,3293.96905,140.8824197,06111
2014,1.027777778,0.005402488,200.5416667,140.2336247,06111
2015,1.192307692,0.007803594,433.875,136.6463005,06111
2016,1.602409639,0.012455737,762.0658635,151.6246973,06111
2017,1.615306698,0.169069636,3710.771069,147.6674445,06111
2018,1.128735182,0.036041306,2018.479173,141.541217,06111
2019,1,0.018608571,1798.056452,144.6638785,06111
2020,1.141264455,0.00849862,220.2410671,166.0003979,06111
2010,1.006702646,0.014619645,197.3697772,132.0302972,06113
2011,1,0.011716841,139.7258608,132.630139,06113
2012,1.062658694,0.015537191,539.1257679,132.0940899,06113
2013,1.134974196,0.009617049,340.6306074,124.4147898,06113
2014,1.014161946,0.022914461,479.2870987,138.9691946,06113
2015,1.517495793,0.029495083,3121.5543,150.0656288,06113
2016,1.039408867,0.025833808,227.6067734,134.4454016,06113
2017,1.137203166,0.027492008,278.8815057,155.6739436,06113
2018,1.454527596,0.116604649,1661.739857,212.2368809,06113
2019,1.044278521,0.014657823,245.7741795,134.1173905,06113
2020,1.260682134,0.123690493,2304.725157,208.2764527,06113
2010,1,0.013935874,155.8837007,126.179164,06115
2011,1.062210295,0.024850557,281.9277059,128.0649937,06115
2012,1,0.006668849,119.2557576,132.4978147,06115
2013,1.09233488,0.027445346,341.4844636,125.6920597,06115
2014,1.168302136,0.02450701,267.4127154,135.758815,06115
2015,1,0.033457414,355.870259,139.7876473,06115
2016,1,0.016989399,190.2867848,132.7479358,06115
2017,1.1241395,0.035520716,401.6989437,153.9210503,06115
2018,1.198483023,0.02850832,216.2900333,197.4129823,06115
2019,1.222241029,0.035817783,257.5778605,127.0989303,06115
2020,1.36729603,0.046987095,224.6621323,232.6365152,06115
