year,mean_days,burned_ratio,mean_intensity,mean_aerosol,fips,name,n_hospital_beds_2017,n_hospitals_2017,n_active_mds_2017,n_medicare_bene_2017,n_medicare_eligible_2018,p_poverty,n_pop_2018,p65older,p5younger,p_nonwhite,p_white,ed_rate
2015,1,0.00526692,355.363691,140.4607315,06001,Alameda,3377,17,5559,103501,253144,10.894365646739098,1666753,13.829883612028896,11.527862856704022,67.12506292174065,32.87493707825935,64.3
2016,1,2.21e-4,57.73381295,147.356576,06001,Alameda,3377,17,5559,103501,253144,10.894365646739098,1666753,13.829883612028896,11.527862856704022,67.12506292174065,32.87493707825935,57.8
2017,1,2.06e-5,489,150.4195808,06001,Alameda,3377,17,5559,103501,253144,10.894365646739098,1666753,13.829883612028896,11.527862856704022,67.12506292174065,32.87493707825935,56.3
2018,1,4.97e-4,88.06389776,168.9814194,06001,Alameda,3377,17,5559,103501,253144,10.894365646739098,1666753,13.829883612028896,11.527862856704022,67.12506292174065,32.87493707825935,48.6
2019,1.05894021,0.005605235,189.3142533,139.4508239,06001,Alameda,3377,17,5559,103501,253144,10.894365646739098,1666753,13.829883612028896,11.527862856704022,67.12506292174065,32.87493707825935,45.8
2020,2.117226442,0.053533252,1010.211773,194.9025987,06001,Alameda,3377,17,5559,103501,253144,10.894365646739098,1666753,13.829883612028896,11.527862856704022,67.12506292174065,32.87493707825935,NA
2015,1.377358491,0.047424131,1719.95173,160.9993895,06003,Alpine,0,0,1,213,281,20.982142857142858,1101,25.431425976385103,7.266121707538601,34.78655767484105,65.21344232515894,0
2016,2.5,0.002684385,745.3333333,131.1802393,06003,Alpine,0,0,1,213,281,20.982142857142858,1101,25.431425976385103,7.266121707538601,34.78655767484105,65.21344232515894,NA
2017,2.745057571,0.016151926,839.2095318,165.581059,06003,Alpine,0,0,1,213,281,20.982142857142858,1101,25.431425976385103,7.266121707538601,34.78655767484105,65.21344232515894,0
2018,2.948770165,0.043939694,533.1868571,180.6933107,06003,Alpine,0,0,1,213,281,20.982142857142858,1101,25.431425976385103,7.266121707538601,34.78655767484105,65.21344232515894,NA
2019,1.038753159,0.006247774,752.6248245,131.1131146,06003,Alpine,0,0,1,213,281,20.982142857142858,1101,25.431425976385103,7.266121707538601,34.78655767484105,65.21344232515894,NA
2020,3.559836427,0.04376249,2470.280832,243.3109547,06003,Alpine,0,0,1,213,281,20.982142857142858,1101,25.431425976385103,7.266121707538601,34.78655767484105,65.21344232515894,NA
2015,1.37529425,0.019161787,1062.608,129.7038439,06005,Amador,52,1,56,7926,11896,9.22694558069694,39383,26.99895894167534,8.130411598913236,21.128405657263286,78.87159434273671,58.4
2016,1,0.003073704,111.2683438,129.2672936,06005,Amador,52,1,56,7926,11896,9.22694558069694,39383,26.99895894167534,8.130411598913236,21.128405657263286,78.87159434273671,61.8
2017,1,4.49e-4,263.3062201,142.9545419,06005,Amador,52,1,56,7926,11896,9.22694558069694,39383,26.99895894167534,8.130411598913236,21.128405657263286,78.87159434273671,56.8
2018,1.279202279,0.013570695,248.4591643,165.0270917,06005,Amador,52,1,56,7926,11896,9.22694558069694,39383,26.99895894167534,8.130411598913236,21.128405657263286,78.87159434273671,44.3
2019,1.438643371,0.010449736,399.6112025,119.6815736,06005,Amador,52,1,56,7926,11896,9.22694558069694,39383,26.99895894167534,8.130411598913236,21.128405657263286,78.87159434273671,53.2
2020,1.339434276,0.006454565,355.484193,205.6524706,06005,Amador,52,1,56,7926,11896,9.22694558069694,39383,26.99895894167534,8.130411598913236,21.128405657263286,78.87159434273671,NA
2015,1.04,0.009898892,302.52,144.3146961,06007,Butte,530,4,433,45353,53930,19.615428227515764,231256,18.590652783062925,11.04187567025288,26.325803438613484,73.67419656138652,50.2
2016,1.087359365,0.00821181,252.5037345,139.3650007,06007,Butte,530,4,433,45353,53930,19.615428227515764,231256,18.590652783062925,11.04187567025288,26.325803438613484,73.67419656138652,38.1
2017,1.137584326,0.048106284,956.4558439,163.5802329,06007,Butte,530,4,433,45353,53930,19.615428227515764,231256,18.590652783062925,11.04187567025288,26.325803438613484,73.67419656138652,45.3
2018,1.606001813,0.183274678,3992.956204,208.3015292,06007,Butte,530,4,433,45353,53930,19.615428227515764,231256,18.590652783062925,11.04187567025288,26.325803438613484,73.67419656138652,42.2
2019,1.346424602,0.025145514,307.3749923,132.3331598,06007,Butte,530,4,433,45353,53930,19.615428227515764,231256,18.590652783062925,11.04187567025288,26.325803438613484,73.67419656138652,35.5
2020,1.534235919,0.150307099,6803.129855,238.6706852,06007,Butte,530,4,433,45353,53930,19.615428227515764,231256,18.590652783062925,11.04187567025288,26.325803438613484,73.67419656138652,NA
2015,1.228252151,0.092221842,2230.95676,123.9328143,06009,Calaveras,31,1,39,10366,14134,12.428289905846288,45602,27.527301434147624,8.723301609578527,17.30187272488049,82.69812727511952,48
2016,1.1875,0.010230294,261.8125,129.3557817,06009,Calaveras,31,1,39,10366,14134,12.428289905846288,45602,27.527301434147624,8.723301609578527,17.30187272488049,82.69812727511952,45.3
2017,1.169042095,0.003782451,196.6904209,140.3407763,06009,Calaveras,31,1,39,10366,14134,12.428289905846288,45602,27.527301434147624,8.723301609578527,17.30187272488049,82.69812727511952,55.1
2018,1.088669111,0.014704795,229.0743883,162.5876393,06009,Calaveras,31,1,39,10366,14134,12.428289905846288,45602,27.527301434147624,8.723301609578527,17.30187272488049,82.69812727511952,52.3
2019,1,0.005768331,151.1173658,112.5360609,06009,Calaveras,31,1,39,10366,14134,12.428289905846288,45602,27.527301434147624,8.723301609578527,17.30187272488049,82.69812727511952,58.4
2020,1.130007283,0.017213473,242.078842,208.382432,06009,Calaveras,31,1,39,10366,14134,12.428289905846288,45602,27.527301434147624,8.723301609578527,17.30187272488049,82.69812727511952,NA
2015,1.106243963,0.059297899,1002.70257,145.2278806,06011,Colusa,0,0,9,2976,3896,13.662004127493692,21627,14.62523697230314,14.615989272668424,64.914227585888,35.085772414111986,41.4
2016,1.057865774,0.019795164,187.9647416,137.0305551,06011,Colusa,0,0,9,2976,3896,13.662004127493692,21627,14.62523697230314,14.615989272668424,64.914227585888,35.085772414111986,29.6
2017,1.169270907,0.039600436,382.8382795,162.0588555,06011,Colusa,0,0,9,2976,3896,13.662004127493692,21627,14.62523697230314,14.615989272668424,64.914227585888,35.085772414111986,28.4
2018,1.841436896,0.145117747,3836.471065,243.085131,06011,Colusa,0,0,9,2976,3896,13.662004127493692,21627,14.62523697230314,14.615989272668424,64.914227585888,35.085772414111986,53.6
2019,1.156090333,0.043958808,347.1468552,132.7542446,06011,Colusa,0,0,9,2976,3896,13.662004127493692,21627,14.62523697230314,14.615989272668424,64.914227585888,35.085772414111986,45.4
2020,1.674155076,0.033705796,218.0754143,213.6477386,06011,Colusa,0,0,9,2976,3896,13.662004127493692,21627,14.62523697230314,14.615989272668424,64.914227585888,35.085772414111986,NA
2015,1,0.007109944,190.676979,134.6328348,06013,Contra Costa,1456,8,3435,78357,204773,9.467169932344987,1150215,15.774702990310509,11.801880517990115,54.98658946370896,45.01341053629104,65.2
2016,1,0.001835711,73.08546256,138.5318143,06013,Contra Costa,1456,8,3435,78357,204773,9.467169932344987,1150215,15.774702990310509,11.801880517990115,54.98658946370896,45.01341053629104,56.8
2017,1.222222222,0.003711856,128.5,149.1390552,06013,Contra Costa,1456,8,3435,78357,204773,9.467169932344987,1150215,15.774702990310509,11.801880517990115,54.98658946370896,45.01341053629104,62.6
2018,1,0.002886999,66.14285714,173.556011,06013,Contra Costa,1456,8,3435,78357,204773,9.467169932344987,1150215,15.774702990310509,11.801880517990115,54.98658946370896,45.01341053629104,55.4
2019,1.073998839,0.005573445,107.275682,131.6729205,06013,Contra Costa,1456,8,3435,78357,204773,9.467169932344987,1150215,15.774702990310509,11.801880517990115,54.98658946370896,45.01341053629104,54.2
2020,1.159591113,0.015505694,1343.581725,197.8556301,06013,Contra Costa,1456,8,3435,78357,204773,9.467169932344987,1150215,15.774702990310509,11.801880517990115,54.98658946370896,45.01341053629104,NA
2015,2.090231353,0.056456768,624.892497,196.7731364,06015,Del Norte,49,1,32,5237,6650,20.28030578813251,27828,18.032197786402183,11.567485985338507,35.30257294810982,64.69742705189017,53
2016,1,1.36e-4,209,144.2355434,06015,Del Norte,49,1,32,5237,6650,20.28030578813251,27828,18.032197786402183,11.567485985338507,35.30257294810982,64.69742705189017,71.1
2017,2.103031461,0.03885458,1030.444865,261.7958101,06015,Del Norte,49,1,32,5237,6650,20.28030578813251,27828,18.032197786402183,11.567485985338507,35.30257294810982,64.69742705189017,61.2
2018,2.006673665,0.014138576,392.6432326,223.5899957,06015,Del Norte,49,1,32,5237,6650,20.28030578813251,27828,18.032197786402183,11.567485985338507,35.30257294810982,64.69742705189017,53.6
2019,1,5.41e-4,148,142.247726,06015,Del Norte,49,1,32,5237,6650,20.28030578813251,27828,18.032197786402183,11.567485985338507,35.30257294810982,64.69742705189017,48.9
2020,1.663238773,0.045258075,1431.353456,225.9913553,06015,Del Norte,49,1,32,5237,6650,20.28030578813251,27828,18.032197786402183,11.567485985338507,35.30257294810982,64.69742705189017,NA
2015,1.263503992,0.015504949,586.257562,133.7672631,06017,El Dorado,230,2,418,24320,46974,9.522348098017323,190678,21.181782901016373,9.895216018628265,20.661009660264952,79.33899033973505,36.4
2016,1.464332874,0.025921448,627.543569,127.3200331,06017,El Dorado,230,2,418,24320,46974,9.522348098017323,190678,21.181782901016373,9.895216018628265,20.661009660264952,79.33899033973505,35.5
2017,1.367072469,0.017707249,440.863556,141.2044966,06017,El Dorado,230,2,418,24320,46974,9.522348098017323,190678,21.181782901016373,9.895216018628265,20.661009660264952,79.33899033973505,40.5
2018,1.083644952,0.011101077,297.8794529,159.2222038,06017,El Dorado,230,2,418,24320,46974,9.522348098017323,190678,21.181782901016373,9.895216018628265,20.661009660264952,79.33899033973505,34.1
2019,1.919308138,0.01911573,1263.735642,116.7614153,06017,El Dorado,230,2,418,24320,46974,9.522348098017323,190678,21.181782901016373,9.895216018628265,20.661009660264952,79.33899033973505,33.7
2020,1.179691679,0.014975494,810.1544035,200.0225198,06017,El Dorado,230,2,418,24320,46974,9.522348098017323,190678,21.181782901016373,9.895216018628265,20.661009660264952,79.33899033973505,NA
2015,2.139414771,0.060323946,1157.4644,186.2697035,06019,Fresno,1931,10,2074,77222,144367,24.567982977088818,994400,12.280068382944489,15.876508447304907,70.0129726468222,29.9870273531778,77
2016,1.09613246,0.033268412,731.6698674,157.2975706,06019,Fresno,1931,10,2074,77222,144367,24.567982977088818,994400,12.280068382944489,15.876508447304907,70.0129726468222,29.9870273531778,67.4
2017,1.233460373,0.042690067,618.1102262,166.2496292,06019,Fresno,1931,10,2074,77222,144367,24.567982977088818,994400,12.280068382944489,15.876508447304907,70.0129726468222,29.9870273531778,75.4
2018,1.17059198,0.024132564,408.0982576,170.1296609,06019,Fresno,1931,10,2074,77222,144367,24.567982977088818,994400,12.280068382944489,15.876508447304907,70.0129726468222,29.9870273531778,67
2019,1.119441178,0.016740978,250.4786823,142.4362331,06019,Fresno,1931,10,2074,77222,144367,24.567982977088818,994400,12.280068382944489,15.876508447304907,70.0129726468222,29.9870273531778,63.1
2020,2.392753696,0.093966437,1712.765389,268.1202574,06019,Fresno,1931,10,2074,77222,144367,24.567982977088818,994400,12.280068382944489,15.876508447304907,70.0129726468222,29.9870273531778,NA
2015,1.158872318,0.025190614,320.461956,145.0551684,06021,Glenn,15,1,7,5029,5990,19.235423933936072,28047,15.876920882803866,14.596926587513815,48.18340642492958,51.816593575070414,42.6
2016,1.065758434,0.016632221,456.222753,140.6549362,06021,Glenn,15,1,7,5029,5990,19.235423933936072,28047,15.876920882803866,14.596926587513815,48.18340642492958,51.816593575070414,36.3
2017,1.058176675,0.021497508,245.2876665,169.7426065,06021,Glenn,15,1,7,5029,5990,19.235423933936072,28047,15.876920882803866,14.596926587513815,48.18340642492958,51.816593575070414,45.6
2018,2.208770364,0.079117814,1014.368944,255.6669858,06021,Glenn,15,1,7,5029,5990,19.235423933936072,28047,15.876920882803866,14.596926587513815,48.18340642492958,51.816593575070414,35.9
2019,1.38441772,0.028629666,464.7681845,129.9787087,06021,Glenn,15,1,7,5029,5990,19.235423933936072,28047,15.876920882803866,14.596926587513815,48.18340642492958,51.816593575070414,39.6
2020,2.291782995,0.270447204,3134.020917,241.9261552,06021,Glenn,15,1,7,5029,5990,19.235423933936072,28047,15.876920882803866,14.596926587513815,48.18340642492958,51.816593575070414,NA
2015,2.205854724,0.025175446,757.808906,198.1108299,06023,Humboldt,253,5,243,24853,30069,20.095207452798455,136373,17.877439082516332,10.603271908662272,23.336730877813057,76.66326912218693,63.4
2016,1,0.003134094,240.2597788,142.208522,06023,Humboldt,253,5,243,24853,30069,20.095207452798455,136373,17.877439082516332,10.603271908662272,23.336730877813057,76.66326912218693,64.5
2017,1,0.001391183,195.2941176,217.0477838,06023,Humboldt,253,5,243,24853,30069,20.095207452798455,136373,17.877439082516332,10.603271908662272,23.336730877813057,76.66326912218693,67.1
2018,1.377250123,0.004581759,307.6427121,183.7479384,06023,Humboldt,253,5,243,24853,30069,20.095207452798455,136373,17.877439082516332,10.603271908662272,23.336730877813057,76.66326912218693,53.4
2019,1,6.55e-4,91.875,135.4569782,06023,Humboldt,253,5,243,24853,30069,20.095207452798455,136373,17.877439082516332,10.603271908662272,23.336730877813057,76.66326912218693,48
2020,3.450250468,0.028773268,1447.065737,226.2764543,06023,Humboldt,253,5,243,24853,30069,20.095207452798455,136373,17.877439082516332,10.603271908662272,23.336730877813057,76.66326912218693,NA
2015,1.068594486,0.004307382,741.337727,158.8957174,06025,Imperial,268,2,135,23417,32193,22.083903079363346,181827,12.96837103400485,16.23081280557893,89.31511821676649,10.684881783233513,71.2
2016,1,0.004664834,783.6305887,158.6563512,06025,Imperial,268,2,135,23417,32193,22.083903079363346,181827,12.96837103400485,16.23081280557893,89.31511821676649,10.684881783233513,66.3
2017,1.023198544,0.008116243,738.597648,157.2282587,06025,Imperial,268,2,135,23417,32193,22.083903079363346,181827,12.96837103400485,16.23081280557893,89.31511821676649,10.684881783233513,65.7
2018,1.117544021,0.006284085,1143.252731,165.6604174,06025,Imperial,268,2,135,23417,32193,22.083903079363346,181827,12.96837103400485,16.23081280557893,89.31511821676649,10.684881783233513,58.1
2019,1.037037037,0.003691545,649.3156387,152.3607953,06025,Imperial,268,2,135,23417,32193,22.083903079363346,181827,12.96837103400485,16.23081280557893,89.31511821676649,10.684881783233513,60.2
2020,1.517665831,0.002541558,488.0261731,162.2955895,06025,Imperial,268,2,135,23417,32193,22.083903079363346,181827,12.96837103400485,16.23081280557893,89.31511821676649,10.684881783233513,NA
2015,0,0,0,155.0386671,06027,Inyo,29,2,35,4109,4923,10.01886164429158,17987,23.40579307277478,11.641741257574916,36.932228831934175,63.067771168065825,53.5
2016,1.105263158,0.001230842,640.0614035,146.3979014,06027,Inyo,29,2,35,4109,4923,10.01886164429158,17987,23.40579307277478,11.641741257574916,36.932228831934175,63.067771168065825,53.7
2017,1,6.48e-5,136,146.6653218,06027,Inyo,29,2,35,4109,4923,10.01886164429158,17987,23.40579307277478,11.641741257574916,36.932228831934175,63.067771168065825,70.7
2018,1.053571429,0.001813872,2046.678571,155.1339391,06027,Inyo,29,2,35,4109,4923,10.01886164429158,17987,23.40579307277478,11.641741257574916,36.932228831934175,63.067771168065825,49.2
2019,1.401869159,0.003465791,1547.628816,144.6339426,06027,Inyo,29,2,35,4109,4923,10.01886164429158,17987,23.40579307277478,11.641741257574916,36.932228831934175,63.067771168065825,58.1
2020,1.126315789,0.006154209,10702.58684,180.3263413,06027,Inyo,29,2,35,4109,4923,10.01886164429158,17987,23.40579307277478,11.641741257574916,36.932228831934175,63.067771168065825,NA
2015,1.145016824,0.006719606,281.545033,162.9369261,06029,Kern,1644,11,1140,60993,121686,21.3994999546533,896764,10.96687645802017,16.052941465090036,65.52169801642349,34.4783019835765,62.3
2016,1.384231354,0.022612472,2565.859215,169.3863638,06029,Kern,1644,11,1140,60993,121686,21.3994999546533,896764,10.96687645802017,16.052941465090036,65.52169801642349,34.4783019835765,54.5
2017,1.158264759,0.014879718,575.0302833,164.613725,06029,Kern,1644,11,1140,60993,121686,21.3994999546533,896764,10.96687645802017,16.052941465090036,65.52169801642349,34.4783019835765,52.2
2018,1.16260681,0.009987854,470.198201,166.1227562,06029,Kern,1644,11,1140,60993,121686,21.3994999546533,896764,10.96687645802017,16.052941465090036,65.52169801642349,34.4783019835765,46.2
2019,1.117156734,0.007277848,274.2759036,153.7335642,06029,Kern,1644,11,1140,60993,121686,21.3994999546533,896764,10.96687645802017,16.052941465090036,65.52169801642349,34.4783019835765,46.1
2020,1.301571211,0.012251872,1530.344029,198.2387663,06029,Kern,1644,11,1140,60993,121686,21.3994999546533,896764,10.96687645802017,16.052941465090036,65.52169801642349,34.4783019835765,NA
2015,1.002035831,0.004593492,271.338966,175.6145161,06031,Kings,264,3,137,12541,17944,18.66276707017275,151366,10.250650740589036,15.364084404687976,67.05733123686957,32.94266876313043,78.6
2016,1.517859276,0.015656401,389.5168439,178.7995228,06031,Kings,264,3,137,12541,17944,18.66276707017275,151366,10.250650740589036,15.364084404687976,67.05733123686957,32.94266876313043,65
2017,1.345665741,0.031317477,829.3873038,177.1846822,06031,Kings,264,3,137,12541,17944,18.66276707017275,151366,10.250650740589036,15.364084404687976,67.05733123686957,32.94266876313043,67.9
2018,1.002165881,0.007340048,161.8686457,176.8088451,06031,Kings,264,3,137,12541,17944,18.66276707017275,151366,10.250650740589036,15.364084404687976,67.05733123686957,32.94266876313043,53.7
2019,1.166856399,0.005750281,195.1093674,156.9876267,06031,Kings,264,3,137,12541,17944,18.66276707017275,151366,10.250650740589036,15.364084404687976,67.05733123686957,32.94266876313043,47.9
2020,1,0.004514004,156.7064429,224.9987042,06031,Kings,264,3,137,12541,17944,18.66276707017275,151366,10.250650740589036,15.364084404687976,67.05733123686957,32.94266876313043,NA
2015,1.319457789,0.093771973,1962.56813,118.8057404,06033,Lake,50,2,63,15162,18619,22.4107337421785,64382,22.731508806809355,11.726880183902333,28.559224628001616,71.44077537199838,80.4
2016,1.254152824,0.023581072,1675.528239,110.8557146,06033,Lake,50,2,63,15162,18619,22.4107337421785,64382,22.731508806809355,11.726880183902333,28.559224628001616,71.44077537199838,79.4
2017,1.239130435,0.011486959,207.0217391,140.7164268,06033,Lake,50,2,63,15162,18619,22.4107337421785,64382,22.731508806809355,11.726880183902333,28.559224628001616,71.44077537199838,80.1
2018,1.79980692,0.415895483,3148.08575,196.606592,06033,Lake,50,2,63,15162,18619,22.4107337421785,64382,22.731508806809355,11.726880183902333,28.559224628001616,71.44077537199838,86.7
2019,1.318715577,0.009423615,334.1924729,117.0862134,06033,Lake,50,2,63,15162,18619,22.4107337421785,64382,22.731508806809355,11.726880183902333,28.559224628001616,71.44077537199838,89.8
2020,2.199236321,0.104900515,661.2972696,184.3857448,06033,Lake,50,2,63,15162,18619,22.4107337421785,64382,22.731508806809355,11.726880183902333,28.559224628001616,71.44077537199838,NA
2015,1.173792955,0.007672156,3910.68663,161.6919726,06035,Lassen,25,1,23,4494,5565,10.124185733080898,30802,15.151613531588858,9.697422245308744,33.325758067657944,66.67424193234206,45.3
2016,1.015278711,0.004917357,768.3646743,144.5369373,06035,Lassen,25,1,23,4494,5565,10.124185733080898,30802,15.151613531588858,9.697422245308744,33.325758067657944,66.67424193234206,40.7
2017,1.035232073,0.009967088,1395.124458,155.3729922,06035,Lassen,25,1,23,4494,5565,10.124185733080898,30802,15.151613531588858,9.697422245308744,33.325758067657944,66.67424193234206,44
2018,1.452054795,0.010245871,1618.698059,195.9304447,06035,Lassen,25,1,23,4494,5565,10.124185733080898,30802,15.151613531588858,9.697422245308744,33.325758067657944,66.67424193234206,37.9
2019,1.044819404,0.003131554,484.9400211,129.5685247,06035,Lassen,25,1,23,4494,5565,10.124185733080898,30802,15.151613531588858,9.697422245308744,33.325758067657944,66.67424193234206,35.2
2020,1.387845165,0.046084677,1315.87677,183.9895683,06035,Lassen,25,1,23,4494,5565,10.124185733080898,30802,15.151613531588858,9.697422245308744,33.325758067657944,66.67424193234206,NA
2015,1,0.001678348,1374.25,144.9107396,06037,Los Angeles,24393,103,30155,577330,1530126,16.613409131316583,10105518,13.615897769911449,11.956368787824632,72.81624751942454,27.183752480575464,53.1
2016,1.472067039,0.025035356,6768.625,158.2426914,06037,Los Angeles,24393,103,30155,577330,1530126,16.613409131316583,10105518,13.615897769911449,11.956368787824632,72.81624751942454,27.183752480575464,51.5
2017,1.190184049,0.01139878,1149.960123,149.9302262,06037,Los Angeles,24393,103,30155,577330,1530126,16.613409131316583,10105518,13.615897769911449,11.956368787824632,72.81624751942454,27.183752480575464,50
2018,1.083881079,0.02257186,3624.408122,151.3102047,06037,Los Angeles,24393,103,30155,577330,1530126,16.613409131316583,10105518,13.615897769911449,11.956368787824632,72.81624751942454,27.183752480575464,47.1
2019,1.030819434,0.009076242,798.8088289,144.8967528,06037,Los Angeles,24393,103,30155,577330,1530126,16.613409131316583,10105518,13.615897769911449,11.956368787824632,72.81624751942454,27.183752480575464,47.1
2020,2.23928054,0.063031014,2287.064959,174.1835865,06037,Los Angeles,24393,103,30155,577330,1530126,16.613409131316583,10105518,13.615897769911449,11.956368787824632,72.81624751942454,27.183752480575464,NA
2015,1.27756845,0.036081418,1033.24634,162.8408812,06039,Madera,464,2,168,13727,25950,20.55197909363248,157672,13.98536201735248,15.274747577248972,65.49038510325232,34.50961489674768,62.3
2016,1.110272977,0.019544932,260.2960244,150.7822564,06039,Madera,464,2,168,13727,25950,20.55197909363248,157672,13.98536201735248,15.274747577248972,65.49038510325232,34.50961489674768,60.2
2017,1.582848237,0.051018515,474.6015414,168.7375477,06039,Madera,464,2,168,13727,25950,20.55197909363248,157672,13.98536201735248,15.274747577248972,65.49038510325232,34.50961489674768,61.7
2018,2.112303779,0.043572021,454.9774824,190.7867998,06039,Madera,464,2,168,13727,25950,20.55197909363248,157672,13.98536201735248,15.274747577248972,65.49038510325232,34.50961489674768,50.9
2019,1.020085066,0.015342533,226.023275,130.7970282,06039,Madera,464,2,168,13727,25950,20.55197909363248,157672,13.98536201735248,15.274747577248972,65.49038510325232,34.50961489674768,49.1
2020,2.848641182,0.16903856,1856.557616,295.2993875,06039,Madera,464,2,168,13727,25950,20.55197909363248,157672,13.98536201735248,15.274747577248972,65.49038510325232,34.50961489674768,NA
2015,0,0,0,136.8186171,06041,Marin,451,4,1513,29286,60940,7.861508689237608,259666,22.31443469687984,9.872682599955327,26.87105743532076,73.12894256467925,22.2
2016,1,4e-4,96,137.8179816,06041,Marin,451,4,1513,29286,60940,7.861508689237608,259666,22.31443469687984,9.872682599955327,26.87105743532076,73.12894256467925,23.1
2017,0,0,0,173.547074,06041,Marin,451,4,1513,29286,60940,7.861508689237608,259666,22.31443469687984,9.872682599955327,26.87105743532076,73.12894256467925,23.5
2018,1,0.001601897,114,180.4260918,06041,Marin,451,4,1513,29286,60940,7.861508689237608,259666,22.31443469687984,9.872682599955327,26.87105743532076,73.12894256467925,24.3
2019,0,0,0,146.5491962,06041,Marin,451,4,1513,29286,60940,7.861508689237608,259666,22.31443469687984,9.872682599955327,26.87105743532076,73.12894256467925,22.6
2020,1.944444444,0.007208537,491.1805556,166.2849818,06041,Marin,451,4,1513,29286,60940,7.861508689237608,259666,22.31443469687984,9.872682599955327,26.87105743532076,73.12894256467925,NA
2015,1.266666667,0.003400469,431,147.1850354,06043,Mariposa,33,1,9,4092,5179,14.963856793215324,17471,27.943449144296263,8.791711979852327,18.55074122832122,81.44925877167879,47.4
2016,1.80055788,0.002549685,285.9249477,145.0675155,06043,Mariposa,33,1,9,4092,5179,14.963856793215324,17471,27.943449144296263,8.791711979852327,18.55074122832122,81.44925877167879,45.3
2017,1.707989277,0.131184297,1848.119424,174.8461907,06043,Mariposa,33,1,9,4092,5179,14.963856793215324,17471,27.943449144296263,8.791711979852327,18.55074122832122,81.44925877167879,46.5
2018,2.991529604,0.147550107,866.7863161,208.3724898,06043,Mariposa,33,1,9,4092,5179,14.963856793215324,17471,27.943449144296263,8.791711979852327,18.55074122832122,81.44925877167879,48
2019,1.557188065,0.011798959,839.8516991,130.2543844,06043,Mariposa,33,1,9,4092,5179,14.963856793215324,17471,27.943449144296263,8.791711979852327,18.55074122832122,81.44925877167879,37.1
2020,3.437796209,0.016750752,855.5311225,267.7747447,06043,Mariposa,33,1,9,4092,5179,14.963856793215324,17471,27.943449144296263,8.791711979852327,18.55074122832122,81.44925877167879,NA
2015,1,0.001027306,118.25,138.1911646,06045,Mendocino,100,3,157,18990,24217,18.68708673225931,87606,22.105791840741503,11.83138141223204,33.82530876880579,66.17469123119422,57.4
2016,1.3,8.56e-4,128.05,126.1175897,06045,Mendocino,100,3,157,18990,24217,18.68708673225931,87606,22.105791840741503,11.83138141223204,33.82530876880579,66.17469123119422,56.4
2017,1.226950355,0.01207084,827.2411348,164.6231794,06045,Mendocino,100,3,157,18990,24217,18.68708673225931,87606,22.105791840741503,11.83138141223204,33.82530876880579,66.17469123119422,70.9
2018,1.220292578,0.012507277,780.4642509,178.7320492,06045,Mendocino,100,3,157,18990,24217,18.68708673225931,87606,22.105791840741503,11.83138141223204,33.82530876880579,66.17469123119422,62.4
2019,1.118424272,0.005488363,504.9292574,130.106608,06045,Mendocino,100,3,157,18990,24217,18.68708673225931,87606,22.105791840741503,11.83138141223204,33.82530876880579,66.17469123119422,60
2020,2.444986157,0.090253489,4017.623179,203.1946057,06045,Mendocino,100,3,157,18990,24217,18.68708673225931,87606,22.105791840741503,11.83138141223204,33.82530876880579,66.17469123119422,NA
2015,1,0.009354839,342.193272,156.8485481,06047,Merced,230,2,259,28782,37547,22.32014170819993,274765,11.225956726657325,15.919058104198132,71.95603515731625,28.04396484268375,87.4
2016,1.094700214,0.012272518,294.874197,163.7977168,06047,Merced,230,2,259,28782,37547,22.32014170819993,274765,11.225956726657325,15.919058104198132,71.95603515731625,28.04396484268375,79.2
2017,1.189948893,0.02468169,375.2749303,168.4449827,06047,Merced,230,2,259,28782,37547,22.32014170819993,274765,11.225956726657325,15.919058104198132,71.95603515731625,28.04396484268375,73.9
2018,1.046634967,0.017962026,287.0488296,172.8197819,06047,Merced,230,2,259,28782,37547,22.32014170819993,274765,11.225956726657325,15.919058104198132,71.95603515731625,28.04396484268375,60
2019,1.097325149,0.02065633,186.3777075,149.1936531,06047,Merced,230,2,259,28782,37547,22.32014170819993,274765,11.225956726657325,15.919058104198132,71.95603515731625,28.04396484268375,59.4
2020,1.159965413,0.019754944,381.6506036,229.5788264,06047,Merced,230,2,259,28782,37547,22.32014170819993,274765,11.225956726657325,15.919058104198132,71.95603515731625,28.04396484268375,NA
2015,1.193158713,0.015529779,598.494014,160.1578088,06049,Modoc,91,2,6,2174,2720,17.880121909922114,8777,26.86567164179105,10.618662413125213,20.884128973453343,79.11587102654666,67.9
2016,1.19047619,0.006630943,479.4424603,141.998827,06049,Modoc,91,2,6,2174,2720,17.880121909922114,8777,26.86567164179105,10.618662413125213,20.884128973453343,79.11587102654666,80.1
2017,1.379024678,0.042487254,1248.431197,173.194411,06049,Modoc,91,2,6,2174,2720,17.880121909922114,8777,26.86567164179105,10.618662413125213,20.884128973453343,79.11587102654666,106
2018,1.715499878,0.026589089,1225.46607,224.7688976,06049,Modoc,91,2,6,2174,2720,17.880121909922114,8777,26.86567164179105,10.618662413125213,20.884128973453343,79.11587102654666,109.3
2019,1.05267942,0.00749247,2106.613416,136.1662148,06049,Modoc,91,2,6,2174,2720,17.880121909922114,8777,26.86567164179105,10.618662413125213,20.884128973453343,79.11587102654666,90.8
2020,1.387246985,0.011501063,986.6801316,191.8633678,06049,Modoc,91,2,6,2174,2720,17.880121909922114,8777,26.86567164179105,10.618662413125213,20.884128973453343,79.11587102654666,NA
2015,1.16344542,0.008398222,1686.54297,166.2727399,06051,Mono,17,1,28,1452,1861,9.726143421795596,14250,15.810526315789474,9.775438596491227,33.40350877192982,66.59649122807018,32
2016,1.165517241,0.015310337,2328.093103,139.5302097,06051,Mono,17,1,28,1452,1861,9.726143421795596,14250,15.810526315789474,9.775438596491227,33.40350877192982,66.59649122807018,28.1
2017,1.271841593,0.007862826,958.282927,155.4611934,06051,Mono,17,1,28,1452,1861,9.726143421795596,14250,15.810526315789474,9.775438596491227,33.40350877192982,66.59649122807018,32
2018,1.037282519,0.008496357,2500.989229,168.7909964,06051,Mono,17,1,28,1452,1861,9.726143421795596,14250,15.810526315789474,9.775438596491227,33.40350877192982,66.59649122807018,54.9
2019,2.432432432,0.007813551,456.8261744,138.1716419,06051,Mono,17,1,28,1452,1861,9.726143421795596,14250,15.810526315789474,9.775438596491227,33.40350877192982,66.59649122807018,46.5
2020,1.574632903,0.020472581,2754.257842,222.2572384,06051,Mono,17,1,28,1452,1861,9.726143421795596,14250,15.810526315789474,9.775438596491227,33.40350877192982,66.59649122807018,NA
2015,1.139240506,0.006953534,329.139241,130.6113214,06053,Monterey,738,4,824,53684,66878,13.91459830511958,435594,13.590866724518705,14.612230655151356,69.29480204043215,30.705197959567855,50.2
2016,2.343978306,0.080231253,1503.604546,175.6214974,06053,Monterey,738,4,824,53684,66878,13.91459830511958,435594,13.590866724518705,14.612230655151356,69.29480204043215,30.705197959567855,44.3
2017,1,0.007181004,1295.435541,137.9647878,06053,Monterey,738,4,824,53684,66878,13.91459830511958,435594,13.590866724518705,14.612230655151356,69.29480204043215,30.705197959567855,43.1
2018,1.059724564,0.007368779,305.1745831,138.5230689,06053,Monterey,738,4,824,53684,66878,13.91459830511958,435594,13.590866724518705,14.612230655151356,69.29480204043215,30.705197959567855,36.3
2019,1.155917727,0.007921057,658.0780242,131.9887498,06053,Monterey,738,4,824,53684,66878,13.91459830511958,435594,13.590866724518705,14.612230655151356,69.29480204043215,30.705197959567855,36.4
2020,1.781335416,0.099802975,1676.131735,182.6580678,06053,Monterey,738,4,824,53684,66878,13.91459830511958,435594,13.590866724518705,14.612230655151356,69.29480204043215,30.705197959567855,NA
2015,1.009512066,0.009364046,611.841289,129.6608184,06055,Napa,1573,3,442,15450,31111,8.00507898675633,139417,19.12607501237295,10.651498741186511,46.77191447241011,53.2280855275899,41.9
2016,1,0.004689446,130.7221245,122.3941393,06055,Napa,1573,3,442,15450,31111,8.00507898675633,139417,19.12607501237295,10.651498741186511,46.77191447241011,53.2280855275899,33.5
2017,1.369799772,0.158992503,2062.055735,155.0997411,06055,Napa,1573,3,442,15450,31111,8.00507898675633,139417,19.12607501237295,10.651498741186511,46.77191447241011,53.2280855275899,40.2
2018,1.168212928,0.065071628,904.163553,178.5786881,06055,Napa,1573,3,442,15450,31111,8.00507898675633,139417,19.12607501237295,10.651498741186511,46.77191447241011,53.2280855275899,37.4
2019,1.729446064,0.005657685,220.3895773,120.1373966,06055,Napa,1573,3,442,15450,31111,8.00507898675633,139417,19.12607501237295,10.651498741186511,46.77191447241011,53.2280855275899,36.8
2020,1.439065218,0.40302348,2461.783006,184.4746973,06055,Napa,1573,3,442,15450,31111,8.00507898675633,139417,19.12607501237295,10.651498741186511,46.77191447241011,53.2280855275899,NA
2015,1.166955517,0.009253221,494.254549,129.2459532,06057,Nevada,166,2,215,22561,31097,11.883102570781654,99696,27.46348900658,8.946196437168993,13.391710800834536,86.60828919916547,42.8
2016,1.600470958,0.001702571,105.0196232,120.6648304,06057,Nevada,166,2,215,22561,31097,11.883102570781654,99696,27.46348900658,8.946196437168993,13.391710800834536,86.60828919916547,33.6
2017,1,0.007837975,223.3043478,135.1723833,06057,Nevada,166,2,215,22561,31097,11.883102570781654,99696,27.46348900658,8.946196437168993,13.391710800834536,86.60828919916547,38.5
2018,1,0.003067034,159.6666667,148.8779303,06057,Nevada,166,2,215,22561,31097,11.883102570781654,99696,27.46348900658,8.946196437168993,13.391710800834536,86.60828919916547,26.1
2019,1,0.003343668,342.7701839,106.1632636,06057,Nevada,166,2,215,22561,31097,11.883102570781654,99696,27.46348900658,8.946196437168993,13.391710800834536,86.60828919916547,27.2
2020,1,0.002044689,153,192.6072554,06057,Nevada,166,2,215,22561,31097,11.883102570781654,99696,27.46348900658,8.946196437168993,13.391710800834536,86.60828919916547,NA
2015,1,9.77e-4,301.593268,155.612845,06059,Orange,6260,31,10462,198932,517276,11.862431043129387,3185968,14.764335360556036,11.790670841640594,58.329901618597546,41.67009838140245,33.9
2016,1,0.004246445,276.892546,162.2591161,06059,Orange,6260,31,10462,198932,517276,11.862431043129387,3185968,14.764335360556036,11.790670841640594,58.329901618597546,41.67009838140245,29.2
2017,1.037277977,0.018746566,1610.075433,164.2970363,06059,Orange,6260,31,10462,198932,517276,11.862431043129387,3185968,14.764335360556036,11.790670841640594,58.329901618597546,41.67009838140245,29.7
2018,1.900283039,0.037761703,6943.085042,165.1556653,06059,Orange,6260,31,10462,198932,517276,11.862431043129387,3185968,14.764335360556036,11.790670841640594,58.329901618597546,41.67009838140245,26.5
2019,1,2.85e-4,134.8798077,150.2859074,06059,Orange,6260,31,10462,198932,517276,11.862431043129387,3185968,14.764335360556036,11.790670841640594,58.329901618597546,41.67009838140245,26.9
2020,1.162969925,0.036448991,1605.798402,176.4937746,06059,Orange,6260,31,10462,198932,517276,11.862431043129387,3185968,14.764335360556036,11.790670841640594,58.329901618597546,41.67009838140245,NA
2015,1.030717286,0.010525221,484.16841,136.9874168,06061,Placer,740,3,1290,35373,87785,7.891165975254165,393149,19.561540281165662,11.48775655031553,26.05755069960753,73.94244930039248,31.4
2016,1.056342302,0.008568915,614.3097815,126.7308567,06061,Placer,740,3,1290,35373,87785,7.891165975254165,393149,19.561540281165662,11.48775655031553,26.05755069960753,73.94244930039248,28.3
2017,1,0.00438587,263.2549407,140.4989495,06061,Placer,740,3,1290,35373,87785,7.891165975254165,393149,19.561540281165662,11.48775655031553,26.05755069960753,73.94244930039248,34.7
2018,1.208379764,0.011667627,1228.800312,159.3165344,06061,Placer,740,3,1290,35373,87785,7.891165975254165,393149,19.561540281165662,11.48775655031553,26.05755069960753,73.94244930039248,33
2019,1.161290323,0.002740735,304.8247944,113.6811248,06061,Placer,740,3,1290,35373,87785,7.891165975254165,393149,19.561540281165662,11.48775655031553,26.05755069960753,73.94244930039248,29.8
2020,1.328565494,0.014604253,567.3394874,200.0475659,06061,Placer,740,3,1290,35373,87785,7.891165975254165,393149,19.561540281165662,11.48775655031553,26.05755069960753,73.94244930039248,NA
2015,1.2,0.006351781,323.036667,137.6468345,06063,Plumas,126,3,24,5183,6607,13.013552449044926,18804,28.42480323335461,8.987449478834291,14.688364177834504,85.3116358221655,56.3
2016,1.291666667,0.003048855,478.1041667,126.7546619,06063,Plumas,126,3,24,5183,6607,13.013552449044926,18804,28.42480323335461,8.987449478834291,14.688364177834504,85.3116358221655,61.4
2017,1.701149425,0.011052099,511.8678161,144.6132698,06063,Plumas,126,3,24,5183,6607,13.013552449044926,18804,28.42480323335461,8.987449478834291,14.688364177834504,85.3116358221655,63.2
2018,1.231000785,0.011419257,405.9795829,156.757744,06063,Plumas,126,3,24,5183,6607,13.013552449044926,18804,28.42480323335461,8.987449478834291,14.688364177834504,85.3116358221655,61.5
2019,1.738403386,0.045074729,1956.899775,119.2047354,06063,Plumas,126,3,24,5183,6607,13.013552449044926,18804,28.42480323335461,8.987449478834291,14.688364177834504,85.3116358221655,53.4
2020,2.633621323,0.123508515,2646.580953,196.5021366,06063,Plumas,126,3,24,5183,6607,13.013552449044926,18804,28.42480323335461,8.987449478834291,14.688364177834504,85.3116358221655,NA
2015,1.254186603,0.002681051,433.158808,153.3338402,06065,Riverside,3537,18,3104,120992,390574,14.947389184678858,2450758,14.40868498644093,13.391693508702206,64.11546958124792,35.88453041875208,43.2
2016,1.042713568,0.002127309,163.871608,154.3598696,06065,Riverside,3537,18,3104,120992,390574,14.947389184678858,2450758,14.40868498644093,13.391693508702206,64.11546958124792,35.88453041875208,41.5
2017,1.102478232,0.005320054,469.3966092,146.6130344,06065,Riverside,3537,18,3104,120992,390574,14.947389184678858,2450758,14.40868498644093,13.391693508702206,64.11546958124792,35.88453041875208,43.2
2018,1.498558903,0.011745097,3916.025936,152.2929673,06065,Riverside,3537,18,3104,120992,390574,14.947389184678858,2450758,14.40868498644093,13.391693508702206,64.11546958124792,35.88453041875208,37.9
2019,1.19716141,0.006941904,746.9703116,143.2365637,06065,Riverside,3537,18,3104,120992,390574,14.947389184678858,2450758,14.40868498644093,13.391693508702206,64.11546958124792,35.88453041875208,39
2020,1.217702363,0.013397948,1410.168031,160.9684514,06065,Riverside,3537,18,3104,120992,390574,14.947389184678858,2450758,14.40868498644093,13.391693508702206,64.11546958124792,35.88453041875208,NA
2015,1.033255086,0.010017231,389.095201,154.6696606,06067,Sacramento,3101,13,4758,95716,266365,16.085233713245984,1540975,14.120994824705138,12.976005451094276,53.787829134152076,46.212170865847924,69.2
2016,1,0.006794421,154.018458,147.5956869,06067,Sacramento,3101,13,4758,95716,266365,16.085233713245984,1540975,14.120994824705138,12.976005451094276,53.787829134152076,46.212170865847924,60.7
2017,1.008117777,0.009494684,159.2634838,160.4519662,06067,Sacramento,3101,13,4758,95716,266365,16.085233713245984,1540975,14.120994824705138,12.976005451094276,53.787829134152076,46.212170865847924,68.6
2018,1.137103336,0.016055265,313.3102455,206.2048902,06067,Sacramento,3101,13,4758,95716,266365,16.085233713245984,1540975,14.120994824705138,12.976005451094276,53.787829134152076,46.212170865847924,64.5
2019,1,0.006441701,181.1750152,142.2683613,06067,Sacramento,3101,13,4758,95716,266365,16.085233713245984,1540975,14.120994824705138,12.976005451094276,53.787829134152076,46.212170865847924,59.4
2020,1.058152794,0.017185273,458.5326872,223.3249257,06067,Sacramento,3101,13,4758,95716,266365,16.085233713245984,1540975,14.120994824705138,12.976005451094276,53.787829134152076,46.212170865847924,NA
2015,1,0.005783439,1523.58069,127.0508571,06069,San Benito,181,1,46,6670,9200,9.401425965843144,61537,12.89793132586899,13.621073500495635,65.51180590539025,34.488194094609746,50.1
2016,1,9.54e-4,105,151.7099275,06069,San Benito,181,1,46,6670,9200,9.401425965843144,61537,12.89793132586899,13.621073500495635,65.51180590539025,34.488194094609746,48.7
2017,1,5.33e-5,176,129.5000184,06069,San Benito,181,1,46,6670,9200,9.401425965843144,61537,12.89793132586899,13.621073500495635,65.51180590539025,34.488194094609746,61.2
2018,1.166051661,0.017234349,997.0304971,128.1619495,06069,San Benito,181,1,46,6670,9200,9.401425965843144,61537,12.89793132586899,13.621073500495635,65.51180590539025,34.488194094609746,56.7
2019,1.10312886,0.004543329,436.0077192,121.2845334,06069,San Benito,181,1,46,6670,9200,9.401425965843144,61537,12.89793132586899,13.621073500495635,65.51180590539025,34.488194094609746,60.6
2020,1,0.006915998,2368.724138,177.2600486,06069,San Benito,181,1,46,6670,9200,9.401425965843144,61537,12.89793132586899,13.621073500495635,65.51180590539025,34.488194094609746,NA
2015,1.974847647,0.004565277,2629.49191,148.2673424,06071,San Bernardino,6314,27,4071,85340,310289,17.373194821183237,2171603,11.574905726322903,14.430400031681666,71.04222088475656,28.957779115243444,59.3
2016,1.265269728,0.004332725,1867.198449,151.7810299,06071,San Bernardino,6314,27,4071,85340,310289,17.373194821183237,2171603,11.574905726322903,14.430400031681666,71.04222088475656,28.957779115243444,51.9
2017,1.32800441,0.001038729,975.9332966,146.9225076,06071,San Bernardino,6314,27,4071,85340,310289,17.373194821183237,2171603,11.574905726322903,14.430400031681666,71.04222088475656,28.957779115243444,51.4
2018,1.414095486,7.8e-4,879.3606893,157.5967109,06071,San Bernardino,6314,27,4071,85340,310289,17.373194821183237,2171603,11.574905726322903,14.430400031681666,71.04222088475656,28.957779115243444,47.4
2019,1.273551785,6.63e-4,251.9912229,146.804378,06071,San Bernardino,6314,27,4071,85340,310289,17.373194821183237,2171603,11.574905726322903,14.430400031681666,71.04222088475656,28.957779115243444,49.5
2020,1.861928141,0.007263673,2029.923879,166.0685392,06071,San Bernardino,6314,27,4071,85340,310289,17.373194821183237,2171603,11.574905726322903,14.430400031681666,71.04222088475656,28.957779115243444,NA
2015,1.209742277,0.003141175,521.247304,129.3770496,06073,San Diego,7136,27,10734,207968,542899,12.794227136473332,3343364,14.041366719268378,12.2359994305137,53.08566461803142,46.91433538196858,37
2016,1.24832146,0.005601121,1019.730844,132.9282506,06073,San Diego,7136,27,10734,207968,542899,12.794227136473332,3343364,14.041366719268378,12.2359994305137,53.08566461803142,46.91433538196858,30.9
2017,1.051408699,0.005695855,984.3071418,133.5558969,06073,San Diego,7136,27,10734,207968,542899,12.794227136473332,3343364,14.041366719268378,12.2359994305137,53.08566461803142,46.91433538196858,31.7
2018,1.089469297,0.004132732,645.4342873,133.4913539,06073,San Diego,7136,27,10734,207968,542899,12.794227136473332,3343364,14.041366719268378,12.2359994305137,53.08566461803142,46.91433538196858,28.7
2019,1.142511177,0.001541019,168.8366244,127.65327,06073,San Diego,7136,27,10734,207968,542899,12.794227136473332,3343364,14.041366719268378,12.2359994305137,53.08566461803142,46.91433538196858,29.8
2020,1.052774544,0.011096885,2238.033799,144.0873966,06073,San Diego,7136,27,10734,207968,542899,12.794227136473332,3343364,14.041366719268378,12.2359994305137,53.08566461803142,46.91433538196858,NA
2015,0,0,0,135.3916437,06075,San Francisco,4392,12,7041,68073,152570,11.20535345779957,883305,15.651332212542666,8.151997328216188,57.98642597970124,42.01357402029877,41.3
2016,0,0,0,137.4490711,06075,San Francisco,4392,12,7041,68073,152570,11.20535345779957,883305,15.651332212542666,8.151997328216188,57.98642597970124,42.01357402029877,38.5
2017,0,0,0,160.9891721,06075,San Francisco,4392,12,7041,68073,152570,11.20535345779957,883305,15.651332212542666,8.151997328216188,57.98642597970124,42.01357402029877,41.7
2018,0,0,0,167.7868363,06075,San Francisco,4392,12,7041,68073,152570,11.20535345779957,883305,15.651332212542666,8.151997328216188,57.98642597970124,42.01357402029877,36.1
2019,0,0,0,152.5151152,06075,San Francisco,4392,12,7041,68073,152570,11.20535345779957,883305,15.651332212542666,8.151997328216188,57.98642597970124,42.01357402029877,33.2
2020,1,3.6e-4,143.5,168.9816383,06075,San Francisco,4392,12,7041,68073,152570,11.20535345779957,883305,15.651332212542666,8.151997328216188,57.98642597970124,42.01357402029877,NA
2015,1.206123068,0.018047984,209.8058,143.5375568,06077,San Joaquin,1150,8,1177,54666,115609,16.272081392603404,752660,12.743602689129222,14.66253022613132,67.36507852151038,32.63492147848962,66.2
2016,1.112653834,0.014447323,121.8778006,138.649484,06077,San Joaquin,1150,8,1177,54666,115609,16.272081392603404,752660,12.743602689129222,14.66253022613132,67.36507852151038,32.63492147848962,57.5
2017,1.131249094,0.044009399,203.6511281,151.2334038,06077,San Joaquin,1150,8,1177,54666,115609,16.272081392603404,752660,12.743602689129222,14.66253022613132,67.36507852151038,32.63492147848962,65.9
2018,1.153177696,0.026441017,174.7145419,189.9110617,06077,San Joaquin,1150,8,1177,54666,115609,16.272081392603404,752660,12.743602689129222,14.66253022613132,67.36507852151038,32.63492147848962,60.5
2019,1.119604371,0.044802657,185.4381627,132.1963088,06077,San Joaquin,1150,8,1177,54666,115609,16.272081392603404,752660,12.743602689129222,14.66253022613132,67.36507852151038,32.63492147848962,57.9
2020,1.336264338,0.059935646,923.3784064,215.2610932,06077,San Joaquin,1150,8,1177,54666,115609,16.272081392603404,752660,12.743602689129222,14.66253022613132,67.36507852151038,32.63492147848962,NA
2015,1.216216216,0.003392911,1589.13514,142.3042893,06079,San Luis Obispo,1615,6,772,49056,66077,12.850867133607382,284010,20.083799866201893,9.523256223372416,29.878877504313227,70.12112249568678,40.1
2016,1.673477784,0.026222689,1559.555793,159.3281672,06079,San Luis Obispo,1615,6,772,49056,66077,12.850867133607382,284010,20.083799866201893,9.523256223372416,29.878877504313227,70.12112249568678,38.1
2017,1.029609143,0.008841707,1384.392667,151.0700202,06079,San Luis Obispo,1615,6,772,49056,66077,12.850867133607382,284010,20.083799866201893,9.523256223372416,29.878877504313227,70.12112249568678,33.3
2018,1,0.004493315,150.0408163,143.9754847,06079,San Luis Obispo,1615,6,772,49056,66077,12.850867133607382,284010,20.083799866201893,9.523256223372416,29.878877504313227,70.12112249568678,28.3
2019,1.090964684,0.007056607,351.4297508,142.6866085,06079,San Luis Obispo,1615,6,772,49056,66077,12.850867133607382,284010,20.083799866201893,9.523256223372416,29.878877504313227,70.12112249568678,31.1
2020,1.048678057,0.007535247,263.2312446,175.9553246,06079,San Luis Obispo,1615,6,772,49056,66077,12.850867133607382,284010,20.083799866201893,9.523256223372416,29.878877504313227,70.12112249568678,NA
2015,0,0,0,144.0941995,06081,San Mateo,1165,7,3610,53009,131906,7.127338250735666,769545,16.103151862464184,11.32916203730776,59.48424068767907,40.51575931232092,36.4
2016,0,0,0,153.5467353,06081,San Mateo,1165,7,3610,53009,131906,7.127338250735666,769545,16.103151862464184,11.32916203730776,59.48424068767907,40.51575931232092,32.5
2017,1,4.49e-4,170,164.1940021,06081,San Mateo,1165,7,3610,53009,131906,7.127338250735666,769545,16.103151862464184,11.32916203730776,59.48424068767907,40.51575931232092,31.8
2018,0,0,0,175.566668,06081,San Mateo,1165,7,3610,53009,131906,7.127338250735666,769545,16.103151862464184,11.32916203730776,59.48424068767907,40.51575931232092,27.5
2019,0,0,0,155.687675,06081,San Mateo,1165,7,3610,53009,131906,7.127338250735666,769545,16.103151862464184,11.32916203730776,59.48424068767907,40.51575931232092,25.9
2020,1.643684014,0.051852882,1699.345546,187.4689162,06081,San Mateo,1165,7,3610,53009,131906,7.127338250735666,769545,16.103151862464184,11.32916203730776,59.48424068767907,40.51575931232092,NA
2015,1.571428571,0.00245572,667.017857,128.3641203,06083,Santa Barbara,874,6,1123,56467,78651,14.614080107106997,446527,15.33277942879154,12.460612684115404,54.65022271889494,45.34977728110506,40.7
2016,1.543319377,0.027764765,3786.533381,140.2647627,06083,Santa Barbara,874,6,1123,56467,78651,14.614080107106997,446527,15.33277942879154,12.460612684115404,54.65022271889494,45.34977728110506,37.7
2017,1.620426005,0.047052827,4075.579568,142.0673209,06083,Santa Barbara,874,6,1123,56467,78651,14.614080107106997,446527,15.33277942879154,12.460612684115404,54.65022271889494,45.34977728110506,33.5
2018,1.094339623,0.004648326,800.0943396,138.9469094,06083,Santa Barbara,874,6,1123,56467,78651,14.614080107106997,446527,15.33277942879154,12.460612684115404,54.65022271889494,45.34977728110506,27.5
2019,1.026315789,0.006665525,1651.065789,135.9497195,06083,Santa Barbara,874,6,1123,56467,78651,14.614080107106997,446527,15.33277942879154,12.460612684115404,54.65022271889494,45.34977728110506,27.8
2020,1,0.001912641,295.8448121,157.7166989,06083,Santa Barbara,874,6,1123,56467,78651,14.614080107106997,446527,15.33277942879154,12.460612684115404,54.65022271889494,45.34977728110506,NA
2015,1,4.45e-4,89.0067265,129.1552158,06085,Santa Clara,3972,12,8022,114958,278733,8.38556089225154,1937570,13.477242112543031,11.95337458775683,67.30786500616752,32.69213499383248,35.1
2016,1.633704735,0.010737722,636.8480966,150.2549536,06085,Santa Clara,3972,12,8022,114958,278733,8.38556089225154,1937570,13.477242112543031,11.95337458775683,67.30786500616752,32.69213499383248,29.1
2017,1,0.001016943,96.5,141.1584234,06085,Santa Clara,3972,12,8022,114958,278733,8.38556089225154,1937570,13.477242112543031,11.95337458775683,67.30786500616752,32.69213499383248,30.7
2018,1,5.08e-4,105.5,150.7535373,06085,Santa Clara,3972,12,8022,114958,278733,8.38556089225154,1937570,13.477242112543031,11.95337458775683,67.30786500616752,32.69213499383248,26.4
2019,1,0.001525415,167,131.3751852,06085,Santa Clara,3972,12,8022,114958,278733,8.38556089225154,1937570,13.477242112543031,11.95337458775683,67.30786500616752,32.69213499383248,23.9
2020,1.470676079,0.195616975,2116.878707,182.8211903,06085,Santa Clara,3972,12,8022,114958,278733,8.38556089225154,1937570,13.477242112543031,11.95337458775683,67.30786500616752,32.69213499383248,NA
2015,1,0.006014602,230.272727,142.4224852,06087,Santa Cruz,359,3,697,39944,52207,13.992540694534554,274255,16.45439463273231,10.442471422581177,41.63424550144938,58.365754498550615,36.5
2016,1.187103988,0.005753005,283.3407877,164.6816572,06087,Santa Cruz,359,3,697,39944,52207,13.992540694534554,274255,16.45439463273231,10.442471422581177,41.63424550144938,58.365754498550615,34.4
2017,0,0,0,159.7245903,06087,Santa Cruz,359,3,697,39944,52207,13.992540694534554,274255,16.45439463273231,10.442471422581177,41.63424550144938,58.365754498550615,29.8
2018,1,0.002187128,1065.5,164.4181182,06087,Santa Cruz,359,3,697,39944,52207,13.992540694534554,274255,16.45439463273231,10.442471422581177,41.63424550144938,58.365754498550615,27.9
2019,0,0,0,152.9729983,06087,Santa Cruz,359,3,697,39944,52207,13.992540694534554,274255,16.45439463273231,10.442471422581177,41.63424550144938,58.365754498550615,29.4
2020,1.28837128,0.171779615,4537.81116,194.4514334,06087,Santa Cruz,359,3,697,39944,52207,13.992540694534554,274255,16.45439463273231,10.442471422581177,41.63424550144938,58.365754498550615,NA
2015,1.226371776,0.004421646,423.819609,153.1468657,06089,Shasta,574,5,391,43963,50181,17.76724228967158,180040,20.858142634970008,11.77849366807376,18.33203732503888,81.66796267496112,60.5
2016,1.128451279,0.003983103,335.7267012,120.915373,06089,Shasta,574,5,391,43963,50181,17.76724228967158,180040,20.858142634970008,11.77849366807376,18.33203732503888,81.66796267496112,46.4
2017,1.475081509,0.00290603,391.7434211,167.39865,06089,Shasta,574,5,391,43963,50181,17.76724228967158,180040,20.858142634970008,11.77849366807376,18.33203732503888,81.66796267496112,45.3
2018,2.299192505,0.147543308,2246.859981,235.3778867,06089,Shasta,574,5,391,43963,50181,17.76724228967158,180040,20.858142634970008,11.77849366807376,18.33203732503888,81.66796267496112,38.6
2019,1.067146493,0.003855194,703.26547,115.9784852,06089,Shasta,574,5,391,43963,50181,17.76724228967158,180040,20.858142634970008,11.77849366807376,18.33203732503888,81.66796267496112,39.8
2020,1.19269014,0.031579902,1169.320016,205.3757076,06089,Shasta,574,5,391,43963,50181,17.76724228967158,180040,20.858142634970008,11.77849366807376,18.33203732503888,81.66796267496112,NA
2015,1,0.001379799,353,135.0162392,06091,Sierra,0,0,1,802,999,11.703901300433476,2987,31.63709407432206,9.106126548376295,16.103113491797792,83.8968865082022,NA
2016,1,3.44e-4,80,126.8550444,06091,Sierra,0,0,1,802,999,11.703901300433476,2987,31.63709407432206,9.106126548376295,16.103113491797792,83.8968865082022,NA
2017,1,0.001657112,219.3102041,139.8679076,06091,Sierra,0,0,1,802,999,11.703901300433476,2987,31.63709407432206,9.106126548376295,16.103113491797792,83.8968865082022,NA
2018,1,0.003017973,129.3312416,145.519857,06091,Sierra,0,0,1,802,999,11.703901300433476,2987,31.63709407432206,9.106126548376295,16.103113491797792,83.8968865082022,52.5
2019,1,0.005059264,290.223262,111.3278035,06091,Sierra,0,0,1,802,999,11.703901300433476,2987,31.63709407432206,9.106126548376295,16.103113491797792,83.8968865082022,NA
2020,1.288624788,0.033464189,3104.615834,188.8352211,06091,Sierra,0,0,1,802,999,11.703901300433476,2987,31.63709407432206,9.106126548376295,16.103113491797792,83.8968865082022,NA
2015,1.137098551,0.009305806,589.62603,169.9971423,06093,Siskiyou,58,2,61,11273,14234,20.329281919138943,43724,25.5237398225231,10.9344982160827,21.857561064861404,78.14243893513859,47
2016,1.963855422,0.017353837,904.4710843,132.4876289,06093,Siskiyou,58,2,61,11273,14234,20.329281919138943,43724,25.5237398225231,10.9344982160827,21.857561064861404,78.14243893513859,33.7
2017,2.785360114,0.078657609,1324.007003,230.5081133,06093,Siskiyou,58,2,61,11273,14234,20.329281919138943,43724,25.5237398225231,10.9344982160827,21.857561064861404,78.14243893513859,42.1
2018,2.058661974,0.024771547,519.6160602,225.2463888,06093,Siskiyou,58,2,61,11273,14234,20.329281919138943,43724,25.5237398225231,10.9344982160827,21.857561064861404,78.14243893513859,34.1
2019,1.17385286,0.009921779,620.9344152,126.857289,06093,Siskiyou,58,2,61,11273,14234,20.329281919138943,43724,25.5237398225231,10.9344982160827,21.857561064861404,78.14243893513859,40.4
2020,1.91233329,0.054618261,6201.524875,204.1472901,06093,Siskiyou,58,2,61,11273,14234,20.329281919138943,43724,25.5237398225231,10.9344982160827,21.857561064861404,78.14243893513859,NA
2015,1.236500987,0.016748018,591.379732,146.7494213,06095,Solano,1064,7,915,34729,82492,10.91528269780765,446610,15.769911108125658,12.168110879738474,60.504914802624214,39.495085197375786,83.2
2016,1.096369637,0.01089074,308.5949835,139.9517668,06095,Solano,1064,7,915,34729,82492,10.91528269780765,446610,15.769911108125658,12.168110879738474,60.504914802624214,39.495085197375786,80.8
2017,1.210172872,0.021623331,619.0910239,168.7187519,06095,Solano,1064,7,915,34729,82492,10.91528269780765,446610,15.769911108125658,12.168110879738474,60.504914802624214,39.495085197375786,91.7
2018,1.023479582,0.031228749,2129.997905,203.1003893,06095,Solano,1064,7,915,34729,82492,10.91528269780765,446610,15.769911108125658,12.168110879738474,60.504914802624214,39.495085197375786,79.6
2019,1.095238095,0.007698999,528.015873,135.1882761,06095,Solano,1064,7,915,34729,82492,10.91528269780765,446610,15.769911108125658,12.168110879738474,60.504914802624214,39.495085197375786,70.1
2020,1.04462972,0.070356339,7336.3797,217.3306085,06095,Solano,1064,7,915,34729,82492,10.91528269780765,446610,15.769911108125658,12.168110879738474,60.504914802624214,39.495085197375786,NA
2015,1,0.002824705,123.189048,133.9894259,06097,Sonoma,1367,9,1385,48741,109755,10.453237395803791,499942,19.745090430489935,10.369402850730683,35.285093070796215,64.71490692920379,40.2
2016,1,0.001690404,217.2222222,132.2866249,06097,Sonoma,1367,9,1385,48741,109755,10.453237395803791,499942,19.745090430489935,10.369402850730683,35.285093070796215,64.71490692920379,36.6
2017,1.559879169,0.082415089,2107.8768,163.6064763,06097,Sonoma,1367,9,1385,48741,109755,10.453237395803791,499942,19.745090430489935,10.369402850730683,35.285093070796215,64.71490692920379,41.6
2018,1,0.002629517,139.0714286,175.4258208,06097,Sonoma,1367,9,1385,48741,109755,10.453237395803791,499942,19.745090430489935,10.369402850730683,35.285093070796215,64.71490692920379,38
2019,1.441744374,0.052527724,1571.593507,132.406437,06097,Sonoma,1367,9,1385,48741,109755,10.453237395803791,499942,19.745090430489935,10.369402850730683,35.285093070796215,64.71490692920379,31.5
2020,1.209057299,0.062357844,1084.23435,178.7405307,06097,Sonoma,1367,9,1385,48741,109755,10.453237395803791,499942,19.745090430489935,10.369402850730683,35.285093070796215,64.71490692920379,NA
2015,1.042749371,0.010255943,117.820956,138.6416262,06099,Stanislaus,1149,7,908,39368,90037,16.647228777566667,549815,13.153333393959786,14.79388521593627,57.51480043287287,42.485199567127125,60.7
2016,1.062452039,0.014563783,157.7733015,142.2813036,06099,Stanislaus,1149,7,908,39368,90037,16.647228777566667,549815,13.153333393959786,14.79388521593627,57.51480043287287,42.485199567127125,51.3
2017,1.210528676,0.0383433,289.8093882,146.0595205,06099,Stanislaus,1149,7,908,39368,90037,16.647228777566667,549815,13.153333393959786,14.79388521593627,57.51480043287287,42.485199567127125,56.6
2018,1.116106402,0.02940954,177.2614002,163.5719676,06099,Stanislaus,1149,7,908,39368,90037,16.647228777566667,549815,13.153333393959786,14.79388521593627,57.51480043287287,42.485199567127125,52.8
2019,1.008466979,0.025890883,500.0658598,125.1851189,06099,Stanislaus,1149,7,908,39368,90037,16.647228777566667,549815,13.153333393959786,14.79388521593627,57.51480043287287,42.485199567127125,52
2020,1.391751709,0.19392071,1301.686477,209.6852687,06099,Stanislaus,1149,7,908,39368,90037,16.647228777566667,549815,13.153333393959786,14.79388521593627,57.51480043287287,42.485199567127125,NA
2015,1,0.034228847,511.639693,159.536149,06101,Sutter,14,1,172,14929,18366,16.35315785117126,96807,15.393514931771463,13.931843771628085,52.8691107048044,47.130889295195594,34.1
2016,1.157938201,0.031031905,211.9131512,147.9534007,06101,Sutter,14,1,172,14929,18366,16.35315785117126,96807,15.393514931771463,13.931843771628085,52.8691107048044,47.130889295195594,33.7
2017,1.124802632,0.064921198,337.3439364,166.9116497,06101,Sutter,14,1,172,14929,18366,16.35315785117126,96807,15.393514931771463,13.931843771628085,52.8691107048044,47.130889295195594,31.7
2018,1.233433116,0.072767266,202.5833679,231.4301086,06101,Sutter,14,1,172,14929,18366,16.35315785117126,96807,15.393514931771463,13.931843771628085,52.8691107048044,47.130889295195594,29.9
2019,1.296193342,0.09295904,220.5677192,146.7938765,06101,Sutter,14,1,172,14929,18366,16.35315785117126,96807,15.393514931771463,13.931843771628085,52.8691107048044,47.130889295195594,27.8
2020,1.210091213,0.092480673,261.2176539,230.6684085,06101,Sutter,14,1,172,14929,18366,16.35315785117126,96807,15.393514931771463,13.931843771628085,52.8691107048044,47.130889295195594,NA
2015,1,5.6e-4,81.2,151.0908816,06103,Tehama,65,1,51,13408,15663,20.350092294215187,63916,19.38325301958821,13.0170849239627,30.829526253207337,69.17047374679267,52.7
2016,1.137931034,0.003249121,243.737931,131.50505,06103,Tehama,65,1,51,13408,15663,20.350092294215187,63916,19.38325301958821,13.0170849239627,30.829526253207337,69.17047374679267,55.9
2017,1.311688312,0.003721441,279.9848623,168.1286301,06103,Tehama,65,1,51,13408,15663,20.350092294215187,63916,19.38325301958821,13.0170849239627,30.829526253207337,69.17047374679267,59.7
2018,1.217305197,0.012867311,372.5201632,232.7717285,06103,Tehama,65,1,51,13408,15663,20.350092294215187,63916,19.38325301958821,13.0170849239627,30.829526253207337,69.17047374679267,48
2019,1.580068604,0.024336555,962.8475086,120.3691139,06103,Tehama,65,1,51,13408,15663,20.350092294215187,63916,19.38325301958821,13.0170849239627,30.829526253207337,69.17047374679267,47
2020,2.861441921,0.153125659,1735.848534,244.3345021,06103,Tehama,65,1,51,13408,15663,20.350092294215187,63916,19.38325301958821,13.0170849239627,30.829526253207337,69.17047374679267,NA
2015,2.379362486,0.110265603,602.338778,214.4267096,06105,Trinity,47,1,5,3170,3903,20.02517900700291,12535,27.283605903470285,8.966892700438772,15.660151575588351,84.33984842441164,60.5
2016,1,8.25e-4,97.2943787,117.6061423,06105,Trinity,47,1,5,3170,3903,20.02517900700291,12535,27.283605903470285,8.966892700438772,15.660151575588351,84.33984842441164,52.7
2017,2.154533796,0.032666665,1304.145063,179.0254664,06105,Trinity,47,1,5,3170,3903,20.02517900700291,12535,27.283605903470285,8.966892700438772,15.660151575588351,84.33984842441164,50.1
2018,2.16276035,0.031790202,2214.176693,186.2306889,06105,Trinity,47,1,5,3170,3903,20.02517900700291,12535,27.283605903470285,8.966892700438772,15.660151575588351,84.33984842441164,60.1
2019,1.5325179,0.006816486,565.7495078,117.207259,06105,Trinity,47,1,5,3170,3903,20.02517900700291,12535,27.283605903470285,8.966892700438772,15.660151575588351,84.33984842441164,43
2020,2.486872656,0.233443078,5293.018403,243.1782135,06105,Trinity,47,1,5,3170,3903,20.02517900700291,12535,27.283605903470285,8.966892700438772,15.660151575588351,84.33984842441164,NA
2015,1.331746759,0.022857326,337.289806,174.1330564,06107,Tulare,1079,3,532,46054,64320,26.421065548888787,465861,11.439463702692434,16.7663745194382,71.11091076522825,28.88908923477175,51.3
2016,1.543110629,0.040633275,1068.897303,163.7884325,06107,Tulare,1079,3,532,46054,64320,26.421065548888787,465861,11.439463702692434,16.7663745194382,71.11091076522825,28.88908923477175,40.5
2017,1.958676003,0.065742513,1089.097468,171.6003425,06107,Tulare,1079,3,532,46054,64320,26.421065548888787,465861,11.439463702692434,16.7663745194382,71.11091076522825,28.88908923477175,43.4
2018,1.534684088,0.025535282,317.7310383,177.3202431,06107,Tulare,1079,3,532,46054,64320,26.421065548888787,465861,11.439463702692434,16.7663745194382,71.11091076522825,28.88908923477175,32.2
2019,1.312147878,0.03003857,351.7442201,139.1777232,06107,Tulare,1079,3,532,46054,64320,26.421065548888787,465861,11.439463702692434,16.7663745194382,71.11091076522825,28.88908923477175,40.2
2020,2.756959518,0.098023593,1778.867582,263.4337767,06107,Tulare,1079,3,532,46054,64320,26.421065548888787,465861,11.439463702692434,16.7663745194382,71.11091076522825,28.88908923477175,NA
2015,1.239796878,0.012161872,657.62413,145.0728161,06109,Tuolumne,152,1,107,13749,16689,12.673278277540186,54539,26.18126478299932,9.0779075523937,18.559196171546965,81.44080382845303,53.1
2016,1.074823944,0.007795309,653.7794894,134.0117797,06109,Tuolumne,152,1,107,13749,16689,12.673278277540186,54539,26.18126478299932,9.0779075523937,18.559196171546965,81.44080382845303,46.9
2017,1.569322255,0.014039791,533.8357249,168.6209012,06109,Tuolumne,152,1,107,13749,16689,12.673278277540186,54539,26.18126478299932,9.0779075523937,18.559196171546965,81.44080382845303,53.6
2018,2.085025359,0.033936928,1281.820407,194.4771871,06109,Tuolumne,152,1,107,13749,16689,12.673278277540186,54539,26.18126478299932,9.0779075523937,18.559196171546965,81.44080382845303,47.5
2019,1.135099587,0.009129981,356.5859326,124.002692,06109,Tuolumne,152,1,107,13749,16689,12.673278277540186,54539,26.18126478299932,9.0779075523937,18.559196171546965,81.44080382845303,44
2020,1.735274183,0.017505135,1289.918268,243.8301484,06109,Tuolumne,152,1,107,13749,16689,12.673278277540186,54539,26.18126478299932,9.0779075523937,18.559196171546965,81.44080382845303,NA
2015,1.192307692,0.007803594,433.875,136.6463005,06111,Ventura,1362,8,1912,84276,152317,10.046088667713232,850967,15.557242525268313,12.18331615679574,53.81383766938084,46.18616233061917,35.3
2016,1.602409639,0.012455737,762.0658635,151.6246973,06111,Ventura,1362,8,1912,84276,152317,10.046088667713232,850967,15.557242525268313,12.18331615679574,53.81383766938084,46.18616233061917,32.4
2017,1.615306698,0.169069636,3710.771069,147.6674445,06111,Ventura,1362,8,1912,84276,152317,10.046088667713232,850967,15.557242525268313,12.18331615679574,53.81383766938084,46.18616233061917,34.8
2018,1.128735182,0.036041306,2018.479173,141.541217,06111,Ventura,1362,8,1912,84276,152317,10.046088667713232,850967,15.557242525268313,12.18331615679574,53.81383766938084,46.18616233061917,30.4
2019,1,0.018608571,1798.056452,144.6638785,06111,Ventura,1362,8,1912,84276,152317,10.046088667713232,850967,15.557242525268313,12.18331615679574,53.81383766938084,46.18616233061917,29.8
2020,1.141264455,0.00849862,220.2410671,166.0003979,06111,Ventura,1362,8,1912,84276,152317,10.046088667713232,850967,15.557242525268313,12.18331615679574,53.81383766938084,46.18616233061917,NA
2015,1.517495793,0.029495083,3121.5543,150.0656288,06113,Yolo,156,2,777,14570,32957,18.111867686522206,220408,12.492740735363508,11.46328626910094,51.879695836811734,48.12030416318827,44.1
2016,1.039408867,0.025833808,227.6067734,134.4454016,06113,Yolo,156,2,777,14570,32957,18.111867686522206,220408,12.492740735363508,11.46328626910094,51.879695836811734,48.12030416318827,38.4
2017,1.137203166,0.027492008,278.8815057,155.6739436,06113,Yolo,156,2,777,14570,32957,18.111867686522206,220408,12.492740735363508,11.46328626910094,51.879695836811734,48.12030416318827,43.3
2018,1.454527596,0.116604649,1661.739857,212.2368809,06113,Yolo,156,2,777,14570,32957,18.111867686522206,220408,12.492740735363508,11.46328626910094,51.879695836811734,48.12030416318827,38.9
2019,1.044278521,0.014657823,245.7741795,134.1173905,06113,Yolo,156,2,777,14570,32957,18.111867686522206,220408,12.492740735363508,11.46328626910094,51.879695836811734,48.12030416318827,34.5
2020,1.260682134,0.123690493,2304.725157,208.2764527,06113,Yolo,156,2,777,14570,32957,18.111867686522206,220408,12.492740735363508,11.46328626910094,51.879695836811734,48.12030416318827,NA
2015,1,0.033457414,355.870259,139.7876473,06115,Yuba,219,1,46,10275,13674,17.652633355402372,78041,12.75611537525147,15.926243897438528,43.365666764905626,56.63433323509437,45.4
2016,1,0.016989399,190.2867848,132.7479358,06115,Yuba,219,1,46,10275,13674,17.652633355402372,78041,12.75611537525147,15.926243897438528,43.365666764905626,56.63433323509437,39.2
2017,1.1241395,0.035520716,401.6989437,153.9210503,06115,Yuba,219,1,46,10275,13674,17.652633355402372,78041,12.75611537525147,15.926243897438528,43.365666764905626,56.63433323509437,47.9
2018,1.198483023,0.02850832,216.2900333,197.4129823,06115,Yuba,219,1,46,10275,13674,17.652633355402372,78041,12.75611537525147,15.926243897438528,43.365666764905626,56.63433323509437,43
2019,1.222241029,0.035817783,257.5778605,127.0989303,06115,Yuba,219,1,46,10275,13674,17.652633355402372,78041,12.75611537525147,15.926243897438528,43.365666764905626,56.63433323509437,42.3
2020,1.36729603,0.046987095,224.6621323,232.6365152,06115,Yuba,219,1,46,10275,13674,17.652633355402372,78041,12.75611537525147,15.926243897438528,43.365666764905626,56.63433323509437,NA
