fips,name,year,edrate_actual,edrate_pred,edrate_pred_rf,mean_days,burned_ratio,mean_intensity,mean_aerosol,n_pop_2018,p_hosp_permil,p_bedsper1000,p_mds1000,p_medicare_bene1000,p_medicare_elig1000,p_poverty,p5younger,p65older,p_nonwhite
06001,Alameda,2015,64.3,61,55.6,1,0.00526692,355.363691,140.4607315,1666753,1.022132167701826,2.0304354884288625,3.342372188384971,62.23041264076864,152.20389732983003,10.894365646739098,11.527862856704022,13.829883612028896,67.12506292174065
06001,Alameda,2016,57.8,57.7,54,1,2.21e-4,57.73381295,147.356576,1666753,1.022132167701826,2.0304354884288625,3.342372188384971,62.23041264076864,152.20389732983003,10.894365646739098,11.527862856704022,13.829883612028896,67.12506292174065
06001,Alameda,2017,56.3,56.1,54.3,1,2.06e-5,489,150.4195808,1666753,1.022132167701826,2.0304354884288625,3.342372188384971,62.23041264076864,152.20389732983003,10.894365646739098,11.527862856704022,13.829883612028896,67.12506292174065
06001,Alameda,2018,48.6,49.6,52.1,1,4.97e-4,88.06389776,168.9814194,1666753,1.022132167701826,2.0304354884288625,3.342372188384971,62.23041264076864,152.20389732983003,10.894365646739098,11.527862856704022,13.829883612028896,67.12506292174065
06001,Alameda,2019,45.8,46.6,50.8,1.05894021,0.005605235,189.3142533,139.4508239,1666753,1.022132167701826,2.0304354884288625,3.342372188384971,62.23041264076864,152.20389732983003,10.894365646739098,11.527862856704022,13.829883612028896,67.12506292174065
06001,Alameda,2020,NA,49.6,51.1,2.117226442,0.053533252,1010.211773,194.9025987,1666753,1.022132167701826,2.0304354884288625,3.342372188384971,62.23041264076864,152.20389732983003,10.894365646739098,11.527862856704022,13.829883612028896,67.12506292174065
06003,Alpine,2015,0,0,48.2,1.377358491,0.047424131,1719.95173,160.9993895,1101,0,0,0.8928571428571429,190.17857142857144,250.8928571428571,20.982142857142858,7.266121707538601,25.431425976385103,34.78655767484105
06003,Alpine,2016,NA,0,47.7,2.5,0.002684385,745.3333333,131.1802393,1101,0,0,0.8928571428571429,190.17857142857144,250.8928571428571,20.982142857142858,7.266121707538601,25.431425976385103,34.78655767484105
06003,Alpine,2017,0,0,47.5,2.745057571,0.016151926,839.2095318,165.581059,1101,0,0,0.8928571428571429,190.17857142857144,250.8928571428571,20.982142857142858,7.266121707538601,25.431425976385103,34.78655767484105
06003,Alpine,2018,NA,0,47.9,2.948770165,0.043939694,533.1868571,180.6933107,1101,0,0,0.8928571428571429,190.17857142857144,250.8928571428571,20.982142857142858,7.266121707538601,25.431425976385103,34.78655767484105
06003,Alpine,2019,NA,0,47.6,1.038753159,0.006247774,752.6248245,131.1131146,1101,0,0,0.8928571428571429,190.17857142857144,250.8928571428571,20.982142857142858,7.266121707538601,25.431425976385103,34.78655767484105
06003,Alpine,2020,NA,0,49.3,3.559836427,0.04376249,2470.280832,243.3109547,1101,0,0,0.8928571428571429,190.17857142857144,250.8928571428571,20.982142857142858,7.266121707538601,25.431425976385103,34.78655767484105
06005,Amador,2015,58.4,56.5,53.8,1.37529425,0.019161787,1062.608,129.7038439,39383,2.588929736446953,1.3462434629524154,1.4498006524102935,205.1985709107855,307.9790814477295,9.22694558069694,8.130411598913236,26.99895894167534,21.128405657263286
06005,Amador,2016,61.8,60.6,56.8,1,0.003073704,111.2683438,129.2672936,39383,2.588929736446953,1.3462434629524154,1.4498006524102935,205.1985709107855,307.9790814477295,9.22694558069694,8.130411598913236,26.99895894167534,21.128405657263286
06005,Amador,2017,56.8,53.9,54,1,4.49e-4,263.3062201,142.9545419,39383,2.588929736446953,1.3462434629524154,1.4498006524102935,205.1985709107855,307.9790814477295,9.22694558069694,8.130411598913236,26.99895894167534,21.128405657263286
06005,Amador,2018,44.3,46.3,49.6,1.279202279,0.013570695,248.4591643,165.0270917,39383,2.588929736446953,1.3462434629524154,1.4498006524102935,205.1985709107855,307.9790814477295,9.22694558069694,8.130411598913236,26.99895894167534,21.128405657263286
06005,Amador,2019,53.2,53.3,52.9,1.438643371,0.010449736,399.6112025,119.6815736,39383,2.588929736446953,1.3462434629524154,1.4498006524102935,205.1985709107855,307.9790814477295,9.22694558069694,8.130411598913236,26.99895894167534,21.128405657263286
06005,Amador,2020,NA,54.5,52,1.339434276,0.006454565,355.484193,205.6524706,39383,2.588929736446953,1.3462434629524154,1.4498006524102935,205.1985709107855,307.9790814477295,9.22694558069694,8.130411598913236,26.99895894167534,21.128405657263286
06007,Butte,2015,50.2,49.9,47.7,1.04,0.009898892,302.52,144.3146961,231256,1.7444852460160318,2.311442950971242,1.8884052788123544,197.79409840641273,235.20022329411148,19.615428227515764,11.04187567025288,18.590652783062925,26.325803438613484
06007,Butte,2016,38.1,38.8,42.6,1.087359365,0.00821181,252.5037345,139.3650007,231256,1.7444852460160318,2.311442950971242,1.8884052788123544,197.79409840641273,235.20022329411148,19.615428227515764,11.04187567025288,18.590652783062925,26.325803438613484
06007,Butte,2017,45.3,47.9,48.2,1.137584326,0.048106284,956.4558439,163.5802329,231256,1.7444852460160318,2.311442950971242,1.8884052788123544,197.79409840641273,235.20022329411148,19.615428227515764,11.04187567025288,18.590652783062925,26.325803438613484
06007,Butte,2018,42.2,48.8,49.8,1.606001813,0.183274678,3992.956204,208.3015292,231256,1.7444852460160318,2.311442950971242,1.8884052788123544,197.79409840641273,235.20022329411148,19.615428227515764,11.04187567025288,18.590652783062925,26.325803438613484
06007,Butte,2019,35.5,37.1,40.7,1.346424602,0.025145514,307.3749923,132.3331598,231256,1.7444852460160318,2.311442950971242,1.8884052788123544,197.79409840641273,235.20022329411148,19.615428227515764,11.04187567025288,18.590652783062925,26.325803438613484
06007,Butte,2020,NA,45.8,49.5,1.534235919,0.150307099,6803.129855,238.6706852,231256,1.7444852460160318,2.311442950971242,1.8884052788123544,197.79409840641273,235.20022329411148,19.615428227515764,11.04187567025288,18.590652783062925,26.325803438613484
06009,Calaveras,2015,48,48.5,49.9,1.228252151,0.092221842,2230.95676,123.9328143,45602,2.1896211955331726,0.6787825706152836,0.8539522662579374,226.97613312896868,309.48105977665864,12.428289905846288,8.723301609578527,27.527301434147624,17.30187272488049
06009,Calaveras,2016,45.3,46.8,48.5,1.1875,0.010230294,261.8125,129.3557817,45602,2.1896211955331726,0.6787825706152836,0.8539522662579374,226.97613312896868,309.48105977665864,12.428289905846288,8.723301609578527,27.527301434147624,17.30187272488049
06009,Calaveras,2017,55.1,54.5,52.3,1.169042095,0.003782451,196.6904209,140.3407763,45602,2.1896211955331726,0.6787825706152836,0.8539522662579374,226.97613312896868,309.48105977665864,12.428289905846288,8.723301609578527,27.527301434147624,17.30187272488049
06009,Calaveras,2018,52.3,51.3,50.9,1.088669111,0.014704795,229.0743883,162.5876393,45602,2.1896211955331726,0.6787825706152836,0.8539522662579374,226.97613312896868,309.48105977665864,12.428289905846288,8.723301609578527,27.527301434147624,17.30187272488049
06009,Calaveras,2019,58.4,48.2,54.3,1,0.005768331,151.1173658,112.5360609,45602,2.1896211955331726,0.6787825706152836,0.8539522662579374,226.97613312896868,309.48105977665864,12.428289905846288,8.723301609578527,27.527301434147624,17.30187272488049
06009,Calaveras,2020,NA,52.4,50.6,1.130007283,0.017213473,242.078842,208.382432,45602,2.1896211955331726,0.6787825706152836,0.8539522662579374,226.97613312896868,309.48105977665864,12.428289905846288,8.723301609578527,27.527301434147624,17.30187272488049
06011,Colusa,2015,41.4,42.1,41.7,1.106243963,0.059297899,1002.70257,145.2278806,21627,0,0,0.4127493694106856,136.48245815180005,178.67461591378125,13.662004127493692,14.615989272668424,14.62523697230314,64.914227585888
06011,Colusa,2016,29.6,31,36.6,1.057865774,0.019795164,187.9647416,137.0305551,21627,0,0,0.4127493694106856,136.48245815180005,178.67461591378125,13.662004127493692,14.615989272668424,14.62523697230314,64.914227585888
06011,Colusa,2017,28.4,44.9,42.3,1.169270907,0.039600436,382.8382795,162.0588555,21627,0,0,0.4127493694106856,136.48245815180005,178.67461591378125,13.662004127493692,14.615989272668424,14.62523697230314,64.914227585888
06011,Colusa,2018,53.6,52.3,48.7,1.841436896,0.145117747,3836.471065,243.085131,21627,0,0,0.4127493694106856,136.48245815180005,178.67461591378125,13.662004127493692,14.615989272668424,14.62523697230314,64.914227585888
06011,Colusa,2019,45.4,44.2,42.3,1.156090333,0.043958808,347.1468552,132.7542446,21627,0,0,0.4127493694106856,136.48245815180005,178.67461591378125,13.662004127493692,14.615989272668424,14.62523697230314,64.914227585888
06011,Colusa,2020,NA,43.6,43.8,1.674155076,0.033705796,218.0754143,213.6477386,21627,0,0,0.4127493694106856,136.48245815180005,178.67461591378125,13.662004127493692,14.615989272668424,14.62523697230314,64.914227585888
06013,Contra Costa,2015,65.2,63.2,58.8,1,0.007109944,190.676979,134.6328348,1150215,0.6972048187311046,1.2689127700906104,2.993623190426681,68.28859747664146,178.46090293253062,9.467169932344987,11.801880517990115,15.774702990310509,54.98658946370896
06013,Contra Costa,2016,56.8,57.3,56.9,1,0.001835711,73.08546256,138.5318143,1150215,0.6972048187311046,1.2689127700906104,2.993623190426681,68.28859747664146,178.46090293253062,9.467169932344987,11.801880517990115,15.774702990310509,54.98658946370896
06013,Contra Costa,2017,62.6,61.9,58.4,1.222222222,0.003711856,128.5,149.1390552,1150215,0.6972048187311046,1.2689127700906104,2.993623190426681,68.28859747664146,178.46090293253062,9.467169932344987,11.801880517990115,15.774702990310509,54.98658946370896
06013,Contra Costa,2018,55.4,56.1,56.5,1,0.002886999,66.14285714,173.556011,1150215,0.6972048187311046,1.2689127700906104,2.993623190426681,68.28859747664146,178.46090293253062,9.467169932344987,11.801880517990115,15.774702990310509,54.98658946370896
06013,Contra Costa,2019,54.2,55.3,57.3,1.073998839,0.005573445,107.275682,131.6729205,1150215,0.6972048187311046,1.2689127700906104,2.993623190426681,68.28859747664146,178.46090293253062,9.467169932344987,11.801880517990115,15.774702990310509,54.98658946370896
06013,Contra Costa,2020,NA,56.2,56.1,1.159591113,0.015505694,1343.581725,197.8556301,1150215,0.6972048187311046,1.2689127700906104,2.993623190426681,68.28859747664146,178.46090293253062,9.467169932344987,11.801880517990115,15.774702990310509,54.98658946370896
06015,Del Norte,2015,53,54.2,55.4,2.090231353,0.056456768,624.892497,196.7731364,27828,3.6403349108117946,1.7837641062977794,1.1649071714597743,190.64433927921368,242.0822715689843,20.28030578813251,11.567485985338507,18.032197786402183,35.30257294810982
06015,Del Norte,2016,71.1,69.5,63.3,1,1.36e-4,209,144.2355434,27828,3.6403349108117946,1.7837641062977794,1.1649071714597743,190.64433927921368,242.0822715689843,20.28030578813251,11.567485985338507,18.032197786402183,35.30257294810982
06015,Del Norte,2017,61.2,58.8,57.6,2.103031461,0.03885458,1030.444865,261.7958101,27828,3.6403349108117946,1.7837641062977794,1.1649071714597743,190.64433927921368,242.0822715689843,20.28030578813251,11.567485985338507,18.032197786402183,35.30257294810982
06015,Del Norte,2018,53.6,53.9,54.8,2.006673665,0.014138576,392.6432326,223.5899957,27828,3.6403349108117946,1.7837641062977794,1.1649071714597743,190.64433927921368,242.0822715689843,20.28030578813251,11.567485985338507,18.032197786402183,35.30257294810982
06015,Del Norte,2019,48.9,51.6,54.6,1,5.41e-4,148,142.247726,27828,3.6403349108117946,1.7837641062977794,1.1649071714597743,190.64433927921368,242.0822715689843,20.28030578813251,11.567485985338507,18.032197786402183,35.30257294810982
06015,Del Norte,2020,NA,55.4,56.7,1.663238773,0.045258075,1431.353456,225.9913553,27828,3.6403349108117946,1.7837641062977794,1.1649071714597743,190.64433927921368,242.0822715689843,20.28030578813251,11.567485985338507,18.032197786402183,35.30257294810982
06017,El Dorado,2015,36.4,36.3,36.8,1.263503992,0.015504949,586.257562,133.7672631,190678,1.0582738495240414,1.2170149269526476,2.211792345505246,128.68610010212342,248.5567790377116,9.522348098017323,9.895216018628265,21.181782901016373,20.661009660264952
06017,El Dorado,2016,35.5,35.6,36.5,1.464332874,0.025921448,627.543569,127.3200331,190678,1.0582738495240414,1.2170149269526476,2.211792345505246,128.68610010212342,248.5567790377116,9.522348098017323,9.895216018628265,21.181782901016373,20.661009660264952
06017,El Dorado,2017,40.5,38.7,37.6,1.367072469,0.017707249,440.863556,141.2044966,190678,1.0582738495240414,1.2170149269526476,2.211792345505246,128.68610010212342,248.5567790377116,9.522348098017323,9.895216018628265,21.181782901016373,20.661009660264952
06017,El Dorado,2018,34.1,34.7,35.3,1.083644952,0.011101077,297.8794529,159.2222038,190678,1.0582738495240414,1.2170149269526476,2.211792345505246,128.68610010212342,248.5567790377116,9.522348098017323,9.895216018628265,21.181782901016373,20.661009660264952
06017,El Dorado,2019,33.7,34.2,35.6,1.919308138,0.01911573,1263.735642,116.7614153,190678,1.0582738495240414,1.2170149269526476,2.211792345505246,128.68610010212342,248.5567790377116,9.522348098017323,9.895216018628265,21.181782901016373,20.661009660264952
06017,El Dorado,2020,NA,37.3,37.7,1.179691679,0.014975494,810.1544035,200.0225198,190678,1.0582738495240414,1.2170149269526476,2.211792345505246,128.68610010212342,248.5567790377116,9.522348098017323,9.895216018628265,21.181782901016373,20.661009660264952
06019,Fresno,2015,77,75,72.2,2.139414771,0.060323946,1157.4644,186.2697035,994400,1.0108617090638916,1.9519739602023745,2.096527184598511,78.06076289733183,145.93507235242683,24.567982977088818,15.876508447304907,12.280068382944489,70.0129726468222
06019,Fresno,2016,67.4,70.7,69.6,1.09613246,0.033268412,731.6698674,157.2975706,994400,1.0108617090638916,1.9519739602023745,2.096527184598511,78.06076289733183,145.93507235242683,24.567982977088818,15.876508447304907,12.280068382944489,70.0129726468222
06019,Fresno,2017,75.4,75.4,72,1.233460373,0.042690067,618.1102262,166.2496292,994400,1.0108617090638916,1.9519739602023745,2.096527184598511,78.06076289733183,145.93507235242683,24.567982977088818,15.876508447304907,12.280068382944489,70.0129726468222
06019,Fresno,2018,67,68.2,68.6,1.17059198,0.024132564,408.0982576,170.1296609,994400,1.0108617090638916,1.9519739602023745,2.096527184598511,78.06076289733183,145.93507235242683,24.567982977088818,15.876508447304907,12.280068382944489,70.0129726468222
06019,Fresno,2019,63.1,63.8,66.3,1.119441178,0.016740978,250.4786823,142.4362331,994400,1.0108617090638916,1.9519739602023745,2.096527184598511,78.06076289733183,145.93507235242683,24.567982977088818,15.876508447304907,12.280068382944489,70.0129726468222
06019,Fresno,2020,NA,73.4,71.4,2.392753696,0.093966437,1712.765389,268.1202574,994400,1.0108617090638916,1.9519739602023745,2.096527184598511,78.06076289733183,145.93507235242683,24.567982977088818,15.876508447304907,12.280068382944489,70.0129726468222
06021,Glenn,2015,42.6,38.5,40,1.158872318,0.025190614,320.461956,145.0551684,28047,3.559478892290169,0.5339218338435253,0.2491635224603118,179.00619349327258,213.2127856481811,19.235423933936072,14.596926587513815,15.876920882803866,48.18340642492958
06021,Glenn,2016,36.3,36.4,39,1.065758434,0.016632221,456.222753,140.6549362,28047,3.559478892290169,0.5339218338435253,0.2491635224603118,179.00619349327258,213.2127856481811,19.235423933936072,14.596926587513815,15.876920882803866,48.18340642492958
06021,Glenn,2017,45.6,36.9,40.9,1.058176675,0.021497508,245.2876665,169.7426065,28047,3.559478892290169,0.5339218338435253,0.2491635224603118,179.00619349327258,213.2127856481811,19.235423933936072,14.596926587513815,15.876920882803866,48.18340642492958
06021,Glenn,2018,35.9,37.5,40.7,2.208770364,0.079117814,1014.368944,255.6669858,28047,3.559478892290169,0.5339218338435253,0.2491635224603118,179.00619349327258,213.2127856481811,19.235423933936072,14.596926587513815,15.876920882803866,48.18340642492958
06021,Glenn,2019,39.6,38.9,39.5,1.38441772,0.028629666,464.7681845,129.9787087,28047,3.559478892290169,0.5339218338435253,0.2491635224603118,179.00619349327258,213.2127856481811,19.235423933936072,14.596926587513815,15.876920882803866,48.18340642492958
06021,Glenn,2020,NA,43.4,44,2.291782995,0.270447204,3134.020917,241.9261552,28047,3.559478892290169,0.5339218338435253,0.2491635224603118,179.00619349327258,213.2127856481811,19.235423933936072,14.596926587513815,15.876920882803866,48.18340642492958
06023,Humboldt,2015,63.4,62.5,58.9,2.205854724,0.025175446,757.808906,198.1108299,136373,3.6562001842724894,1.8500372932418796,1.7769132895564297,181.73508635944836,219.87656668177897,20.095207452798455,10.603271908662272,17.877439082516332,23.336730877813057
06023,Humboldt,2016,64.5,61.8,59.6,1,0.003134094,240.2597788,142.208522,136373,3.6562001842724894,1.8500372932418796,1.7769132895564297,181.73508635944836,219.87656668177897,20.095207452798455,10.603271908662272,17.877439082516332,23.336730877813057
06023,Humboldt,2017,67.1,66,62.2,1,0.001391183,195.2941176,217.0477838,136373,3.6562001842724894,1.8500372932418796,1.7769132895564297,181.73508635944836,219.87656668177897,20.095207452798455,10.603271908662272,17.877439082516332,23.336730877813057
06023,Humboldt,2018,53.4,54.8,56.5,1.377250123,0.004581759,307.6427121,183.7479384,136373,3.6562001842724894,1.8500372932418796,1.7769132895564297,181.73508635944836,219.87656668177897,20.095207452798455,10.603271908662272,17.877439082516332,23.336730877813057
06023,Humboldt,2019,48,49.5,52.4,1,6.55e-4,91.875,135.4569782,136373,3.6562001842724894,1.8500372932418796,1.7769132895564297,181.73508635944836,219.87656668177897,20.095207452798455,10.603271908662272,17.877439082516332,23.336730877813057
06023,Humboldt,2020,NA,57.6,58.2,3.450250468,0.028773268,1447.065737,226.2764543,136373,3.6562001842724894,1.8500372932418796,1.7769132895564297,181.73508635944836,219.87656668177897,20.095207452798455,10.603271908662272,17.877439082516332,23.336730877813057
06025,Imperial,2015,71.2,68.3,66.6,1.068594486,0.004307382,741.337727,158.8957174,181827,1.0939123776185526,1.4658425860088606,0.7383908548925231,128.08073073346824,176.08160586337036,22.083903079363346,16.23081280557893,12.96837103400485,89.31511821676649
06025,Imperial,2016,66.3,66.5,66.7,1,0.004664834,783.6305887,158.6563512,181827,1.0939123776185526,1.4658425860088606,0.7383908548925231,128.08073073346824,176.08160586337036,22.083903079363346,16.23081280557893,12.96837103400485,89.31511821676649
06025,Imperial,2017,65.7,65.4,65.4,1.023198544,0.008116243,738.597648,157.2282587,181827,1.0939123776185526,1.4658425860088606,0.7383908548925231,128.08073073346824,176.08160586337036,22.083903079363346,16.23081280557893,12.96837103400485,89.31511821676649
06025,Imperial,2018,58.1,59.9,62.6,1.117544021,0.006284085,1143.252731,165.6604174,181827,1.0939123776185526,1.4658425860088606,0.7383908548925231,128.08073073346824,176.08160586337036,22.083903079363346,16.23081280557893,12.96837103400485,89.31511821676649
06025,Imperial,2019,60.2,62.1,63.9,1.037037037,0.003691545,649.3156387,152.3607953,181827,1.0939123776185526,1.4658425860088606,0.7383908548925231,128.08073073346824,176.08160586337036,22.083903079363346,16.23081280557893,12.96837103400485,89.31511821676649
06025,Imperial,2020,NA,64.2,64.1,1.517665831,0.002541558,488.0261731,162.2955895,181827,1.0939123776185526,1.4658425860088606,0.7383908548925231,128.08073073346824,176.08160586337036,22.083903079363346,16.23081280557893,12.96837103400485,89.31511821676649
06027,Inyo,2015,53.5,54.5,57.5,0,0,0,155.0386671,17987,11.095084877399312,1.6087873072229002,1.9416398535448796,227.9485188061689,273.10551425718404,10.01886164429158,11.641741257574916,23.40579307277478,36.932228831934175
06027,Inyo,2016,53.7,54.2,55.3,1.105263158,0.001230842,640.0614035,146.3979014,17987,11.095084877399312,1.6087873072229002,1.9416398535448796,227.9485188061689,273.10551425718404,10.01886164429158,11.641741257574916,23.40579307277478,36.932228831934175
06027,Inyo,2017,70.7,68.4,62.3,1,6.48e-5,136,146.6653218,17987,11.095084877399312,1.6087873072229002,1.9416398535448796,227.9485188061689,273.10551425718404,10.01886164429158,11.641741257574916,23.40579307277478,36.932228831934175
06027,Inyo,2018,49.2,49.8,53.4,1.053571429,0.001813872,2046.678571,155.1339391,17987,11.095084877399312,1.6087873072229002,1.9416398535448796,227.9485188061689,273.10551425718404,10.01886164429158,11.641741257574916,23.40579307277478,36.932228831934175
06027,Inyo,2019,58.1,57.4,55.9,1.401869159,0.003465791,1547.628816,144.6339426,17987,11.095084877399312,1.6087873072229002,1.9416398535448796,227.9485188061689,273.10551425718404,10.01886164429158,11.641741257574916,23.40579307277478,36.932228831934175
06027,Inyo,2020,NA,55.3,54.8,1.126315789,0.006154209,10702.58684,180.3263413,17987,11.095084877399312,1.6087873072229002,1.9416398535448796,227.9485188061689,273.10551425718404,10.01886164429158,11.641741257574916,23.40579307277478,36.932228831934175
06029,Kern,2015,62.3,58.9,56.2,1.145016824,0.006719606,281.545033,162.9369261,896764,1.231638784977142,1.8407401477294736,1.2764256498854016,68.2921312837371,136.24836108066225,21.3994999546533,16.052941465090036,10.96687645802017,65.52169801642349
06029,Kern,2016,54.5,54.6,54.3,1.384231354,0.022612472,2565.859215,169.3863638,896764,1.231638784977142,1.8407401477294736,1.2764256498854016,68.2921312837371,136.24836108066225,21.3994999546533,16.052941465090036,10.96687645802017,65.52169801642349
06029,Kern,2017,52.2,52.4,52.4,1.158264759,0.014879718,575.0302833,164.613725,896764,1.231638784977142,1.8407401477294736,1.2764256498854016,68.2921312837371,136.24836108066225,21.3994999546533,16.052941465090036,10.96687645802017,65.52169801642349
06029,Kern,2018,46.2,48.4,51.2,1.16260681,0.009987854,470.198201,166.1227562,896764,1.231638784977142,1.8407401477294736,1.2764256498854016,68.2921312837371,136.24836108066225,21.3994999546533,16.052941465090036,10.96687645802017,65.52169801642349
06029,Kern,2019,46.1,49.2,51.8,1.117156734,0.007277848,274.2759036,153.7335642,896764,1.231638784977142,1.8407401477294736,1.2764256498854016,68.2921312837371,136.24836108066225,21.3994999546533,16.052941465090036,10.96687645802017,65.52169801642349
06029,Kern,2020,NA,51.1,54.1,1.301571211,0.012251872,1530.344029,198.2387663,896764,1.231638784977142,1.8407401477294736,1.2764256498854016,68.2921312837371,136.24836108066225,21.3994999546533,16.052941465090036,10.96687645802017,65.52169801642349
06031,Kings,2015,78.6,77.5,71.2,1.002035831,0.004593492,271.338966,175.6145161,151366,1.998654239478751,1.7588157307413008,0.912718769361963,83.55040939101005,119.54617224402236,18.66276707017275,15.364084404687976,10.250650740589036,67.05733123686957
06031,Kings,2016,65,65.6,66.6,1.517859276,0.015656401,389.5168439,178.7995228,151366,1.998654239478751,1.7588157307413008,0.912718769361963,83.55040939101005,119.54617224402236,18.66276707017275,15.364084404687976,10.250650740589036,67.05733123686957
06031,Kings,2017,67.9,67.9,67.5,1.345665741,0.031317477,829.3873038,177.1846822,151366,1.998654239478751,1.7588157307413008,0.912718769361963,83.55040939101005,119.54617224402236,18.66276707017275,15.364084404687976,10.250650740589036,67.05733123686957
06031,Kings,2018,53.7,72.2,69.6,1.002165881,0.007340048,161.8686457,176.8088451,151366,1.998654239478751,1.7588157307413008,0.912718769361963,83.55040939101005,119.54617224402236,18.66276707017275,15.364084404687976,10.250650740589036,67.05733123686957
06031,Kings,2019,47.9,70.7,67.8,1.166856399,0.005750281,195.1093674,156.9876267,151366,1.998654239478751,1.7588157307413008,0.912718769361963,83.55040939101005,119.54617224402236,18.66276707017275,15.364084404687976,10.250650740589036,67.05733123686957
06031,Kings,2020,NA,73.7,69.6,1,0.004514004,156.7064429,224.9987042,151366,1.998654239478751,1.7588157307413008,0.912718769361963,83.55040939101005,119.54617224402236,18.66276707017275,15.364084404687976,10.250650740589036,67.05733123686957
06033,Lake,2015,80.4,81,79.3,1.319457789,0.093771973,1962.56813,118.8057404,64382,3.1130342745073625,0.7782585686268406,0.9806057964698192,235.9991283504031,289.8079257852629,22.4107337421785,11.726880183902333,22.731508806809355,28.559224628001616
06033,Lake,2016,79.4,80,79.7,1.254152824,0.023581072,1675.528239,110.8557146,64382,3.1130342745073625,0.7782585686268406,0.9806057964698192,235.9991283504031,289.8079257852629,22.4107337421785,11.726880183902333,22.731508806809355,28.559224628001616
06033,Lake,2017,80.1,81.2,78.2,1.239130435,0.011486959,207.0217391,140.7164268,64382,3.1130342745073625,0.7782585686268406,0.9806057964698192,235.9991283504031,289.8079257852629,22.4107337421785,11.726880183902333,22.731508806809355,28.559224628001616
06033,Lake,2018,86.7,86,80.3,1.79980692,0.415895483,3148.08575,196.606592,64382,3.1130342745073625,0.7782585686268406,0.9806057964698192,235.9991283504031,289.8079257852629,22.4107337421785,11.726880183902333,22.731508806809355,28.559224628001616
06033,Lake,2019,89.8,87.8,81.2,1.318715577,0.009423615,334.1924729,117.0862134,64382,3.1130342745073625,0.7782585686268406,0.9806057964698192,235.9991283504031,289.8079257852629,22.4107337421785,11.726880183902333,22.731508806809355,28.559224628001616
06033,Lake,2020,NA,79.1,77,2.199236321,0.104900515,661.2972696,184.3857448,64382,3.1130342745073625,0.7782585686268406,0.9806057964698192,235.9991283504031,289.8079257852629,22.4107337421785,11.726880183902333,22.731508806809355,28.559224628001616
06035,Lassen,2015,45.3,45,43.6,1.173792955,0.007672156,3910.68663,161.6919726,30802,3.2089336713410135,0.8022334178352534,0.7380547444084331,144.20947919006514,178.5771588101274,10.124185733080898,9.697422245308744,15.151613531588858,33.325758067657944
06035,Lassen,2016,40.7,44.3,42.9,1.015278711,0.004917357,768.3646743,144.5369373,30802,3.2089336713410135,0.8022334178352534,0.7380547444084331,144.20947919006514,178.5771588101274,10.124185733080898,9.697422245308744,15.151613531588858,33.325758067657944
06035,Lassen,2017,44,43.3,42.4,1.035232073,0.009967088,1395.124458,155.3729922,30802,3.2089336713410135,0.8022334178352534,0.7380547444084331,144.20947919006514,178.5771588101274,10.124185733080898,9.697422245308744,15.151613531588858,33.325758067657944
06035,Lassen,2018,37.9,38.6,41.3,1.452054795,0.010245871,1618.698059,195.9304447,30802,3.2089336713410135,0.8022334178352534,0.7380547444084331,144.20947919006514,178.5771588101274,10.124185733080898,9.697422245308744,15.151613531588858,33.325758067657944
06035,Lassen,2019,35.2,36.9,40.3,1.044819404,0.003131554,484.9400211,129.5685247,30802,3.2089336713410135,0.8022334178352534,0.7380547444084331,144.20947919006514,178.5771588101274,10.124185733080898,9.697422245308744,15.151613531588858,33.325758067657944
06035,Lassen,2020,NA,41.4,41.7,1.387845165,0.046084677,1315.87677,183.9895683,30802,3.2089336713410135,0.8022334178352534,0.7380547444084331,144.20947919006514,178.5771588101274,10.124185733080898,9.697422245308744,15.151613531588858,33.325758067657944
06037,Los Angeles,2015,53.1,51.3,51.6,1,0.001678348,1374.25,144.9107396,10105518,1.0134297147628275,2.400057381767927,2.9669876746284527,56.80421138097312,150.55098599331905,16.613409131316583,11.956368787824632,13.615897769911449,72.81624751942454
06037,Los Angeles,2016,51.5,50.5,50.1,1.472067039,0.025035356,6768.625,158.2426914,10105518,1.0134297147628275,2.400057381767927,2.9669876746284527,56.80421138097312,150.55098599331905,16.613409131316583,11.956368787824632,13.615897769911449,72.81624751942454
06037,Los Angeles,2017,50,49.7,49.9,1.190184049,0.01139878,1149.960123,149.9302262,10105518,1.0134297147628275,2.400057381767927,2.9669876746284527,56.80421138097312,150.55098599331905,16.613409131316583,11.956368787824632,13.615897769911449,72.81624751942454
06037,Los Angeles,2018,47.1,48.1,49.3,1.083881079,0.02257186,3624.408122,151.3102047,10105518,1.0134297147628275,2.400057381767927,2.9669876746284527,56.80421138097312,150.55098599331905,16.613409131316583,11.956368787824632,13.615897769911449,72.81624751942454
06037,Los Angeles,2019,47.1,49.4,49.4,1.030819434,0.009076242,798.8088289,144.8967528,10105518,1.0134297147628275,2.400057381767927,2.9669876746284527,56.80421138097312,150.55098599331905,16.613409131316583,11.956368787824632,13.615897769911449,72.81624751942454
06037,Los Angeles,2020,NA,48.4,50.5,2.23928054,0.063031014,2287.064959,174.1835865,10105518,1.0134297147628275,2.400057381767927,2.9669876746284527,56.80421138097312,150.55098599331905,16.613409131316583,11.956368787824632,13.615897769911449,72.81624751942454
06039,Madera,2015,62.3,60.7,59.3,1.27756845,0.036081418,1033.24634,162.8408812,157672,1.274778507234368,2.957486136783734,1.070813946076869,87.49442284403085,165.40251131365926,20.55197909363248,15.274747577248972,13.98536201735248,65.49038510325232
06039,Madera,2016,60.2,58.4,57.4,1.110272977,0.019544932,260.2960244,150.7822564,157672,1.274778507234368,2.957486136783734,1.070813946076869,87.49442284403085,165.40251131365926,20.55197909363248,15.274747577248972,13.98536201735248,65.49038510325232
06039,Madera,2017,61.7,60.7,58.6,1.582848237,0.051018515,474.6015414,168.7375477,157672,1.274778507234368,2.957486136783734,1.070813946076869,87.49442284403085,165.40251131365926,20.55197909363248,15.274747577248972,13.98536201735248,65.49038510325232
06039,Madera,2018,50.9,53.8,55.5,2.112303779,0.043572021,454.9774824,190.7867998,157672,1.274778507234368,2.957486136783734,1.070813946076869,87.49442284403085,165.40251131365926,20.55197909363248,15.274747577248972,13.98536201735248,65.49038510325232
06039,Madera,2019,49.1,50,52.5,1.020085066,0.015342533,226.023275,130.7970282,157672,1.274778507234368,2.957486136783734,1.070813946076869,87.49442284403085,165.40251131365926,20.55197909363248,15.274747577248972,13.98536201735248,65.49038510325232
06039,Madera,2020,NA,57.8,57,2.848641182,0.16903856,1856.557616,295.2993875,157672,1.274778507234368,2.957486136783734,1.070813946076869,87.49442284403085,165.40251131365926,20.55197909363248,15.274747577248972,13.98536201735248,65.49038510325232
06041,Marin,2015,22.2,22.6,23.6,0,0,0,136.8186171,259666,1.532831331072407,1.728267325784139,5.79793450978138,112.22624590446628,233.52685328888123,7.861508689237608,9.872682599955327,22.31443469687984,26.87105743532076
06041,Marin,2016,23.1,23.3,24.3,1,4e-4,96,137.8179816,259666,1.532831331072407,1.728267325784139,5.79793450978138,112.22624590446628,233.52685328888123,7.861508689237608,9.872682599955327,22.31443469687984,26.87105743532076
06041,Marin,2017,23.5,22.5,24.1,0,0,0,173.547074,259666,1.532831331072407,1.728267325784139,5.79793450978138,112.22624590446628,233.52685328888123,7.861508689237608,9.872682599955327,22.31443469687984,26.87105743532076
06041,Marin,2018,24.3,25.3,26.3,1,0.001601897,114,180.4260918,259666,1.532831331072407,1.728267325784139,5.79793450978138,112.22624590446628,233.52685328888123,7.861508689237608,9.872682599955327,22.31443469687984,26.87105743532076
06041,Marin,2019,22.6,23.7,23.6,0,0,0,146.5491962,259666,1.532831331072407,1.728267325784139,5.79793450978138,112.22624590446628,233.52685328888123,7.861508689237608,9.872682599955327,22.31443469687984,26.87105743532076
06041,Marin,2020,NA,26.9,28.2,1.944444444,0.007208537,491.1805556,166.2849818,259666,1.532831331072407,1.728267325784139,5.79793450978138,112.22624590446628,233.52685328888123,7.861508689237608,9.872682599955327,22.31443469687984,26.87105743532076
06043,Mariposa,2015,47.4,47.7,47.4,1.266666667,0.003400469,431,147.1850354,17471,5.691843588138198,1.8783083840856056,0.5122659229324378,232.91023962661507,294.7805794296773,14.963856793215324,8.791711979852327,27.943449144296263,18.55074122832122
06043,Mariposa,2016,45.3,45.1,46.4,1.80055788,0.002549685,285.9249477,145.0675155,17471,5.691843588138198,1.8783083840856056,0.5122659229324378,232.91023962661507,294.7805794296773,14.963856793215324,8.791711979852327,27.943449144296263,18.55074122832122
06043,Mariposa,2017,46.5,46.5,47.1,1.707989277,0.131184297,1848.119424,174.8461907,17471,5.691843588138198,1.8783083840856056,0.5122659229324378,232.91023962661507,294.7805794296773,14.963856793215324,8.791711979852327,27.943449144296263,18.55074122832122
06043,Mariposa,2018,48,48.7,47.7,2.991529604,0.147550107,866.7863161,208.3724898,17471,5.691843588138198,1.8783083840856056,0.5122659229324378,232.91023962661507,294.7805794296773,14.963856793215324,8.791711979852327,27.943449144296263,18.55074122832122
06043,Mariposa,2019,37.1,38.7,43.1,1.557188065,0.011798959,839.8516991,130.2543844,17471,5.691843588138198,1.8783083840856056,0.5122659229324378,232.91023962661507,294.7805794296773,14.963856793215324,8.791711979852327,27.943449144296263,18.55074122832122
06043,Mariposa,2020,NA,49.3,47.4,3.437796209,0.016750752,855.5311225,267.7747447,17471,5.691843588138198,1.8783083840856056,0.5122659229324378,232.91023962661507,294.7805794296773,14.963856793215324,8.791711979852327,27.943449144296263,18.55074122832122
06045,Mendocino,2015,57.4,57.7,57.5,1,0.001027306,118.25,138.1911646,87606,3.4083937376445728,1.1361312458815245,1.7837260560339931,215.75132359290143,275.13690381512873,18.68708673225931,11.83138141223204,22.105791840741503,33.82530876880579
06045,Mendocino,2016,56.4,56.6,57,1.3,8.56e-4,128.05,126.1175897,87606,3.4083937376445728,1.1361312458815245,1.7837260560339931,215.75132359290143,275.13690381512873,18.68708673225931,11.83138141223204,22.105791840741503,33.82530876880579
06045,Mendocino,2017,70.9,67.3,63.9,1.226950355,0.01207084,827.2411348,164.6231794,87606,3.4083937376445728,1.1361312458815245,1.7837260560339931,215.75132359290143,275.13690381512873,18.68708673225931,11.83138141223204,22.105791840741503,33.82530876880579
06045,Mendocino,2018,62.4,63.2,62.2,1.220292578,0.012507277,780.4642509,178.7320492,87606,3.4083937376445728,1.1361312458815245,1.7837260560339931,215.75132359290143,275.13690381512873,18.68708673225931,11.83138141223204,22.105791840741503,33.82530876880579
06045,Mendocino,2019,60,60.3,58.2,1.118424272,0.005488363,504.9292574,130.106608,87606,3.4083937376445728,1.1361312458815245,1.7837260560339931,215.75132359290143,275.13690381512873,18.68708673225931,11.83138141223204,22.105791840741503,33.82530876880579
06045,Mendocino,2020,NA,60.2,59.6,2.444986157,0.090253489,4017.623179,203.1946057,87606,3.4083937376445728,1.1361312458815245,1.7837260560339931,215.75132359290143,275.13690381512873,18.68708673225931,11.83138141223204,22.105791840741503,33.82530876880579
06047,Merced,2015,87.4,85.1,76.9,1,0.009354839,342.193272,156.8485481,274765,0.7334792957131803,0.8435011900701573,0.9498556879485685,105.55500544608375,137.6997355807139,22.32014170819993,15.919058104198132,11.225956726657325,71.95603515731625
06047,Merced,2016,79.2,77.9,74,1.094700214,0.012272518,294.874197,163.7977168,274765,0.7334792957131803,0.8435011900701573,0.9498556879485685,105.55500544608375,137.6997355807139,22.32014170819993,15.919058104198132,11.225956726657325,71.95603515731625
06047,Merced,2017,73.9,69,70.2,1.189948893,0.02468169,375.2749303,168.4449827,274765,0.7334792957131803,0.8435011900701573,0.9498556879485685,105.55500544608375,137.6997355807139,22.32014170819993,15.919058104198132,11.225956726657325,71.95603515731625
06047,Merced,2018,60,62.4,68.5,1.046634967,0.017962026,287.0488296,172.8197819,274765,0.7334792957131803,0.8435011900701573,0.9498556879485685,105.55500544608375,137.6997355807139,22.32014170819993,15.919058104198132,11.225956726657325,71.95603515731625
06047,Merced,2019,59.4,67.7,69.5,1.097325149,0.02065633,186.3777075,149.1936531,274765,0.7334792957131803,0.8435011900701573,0.9498556879485685,105.55500544608375,137.6997355807139,22.32014170819993,15.919058104198132,11.225956726657325,71.95603515731625
06047,Merced,2020,NA,66.3,69.9,1.159965413,0.019754944,381.6506036,229.5788264,274765,0.7334792957131803,0.8435011900701573,0.9498556879485685,105.55500544608375,137.6997355807139,22.32014170819993,15.919058104198132,11.225956726657325,71.95603515731625
06049,Modoc,2015,67.9,71.4,84.4,1.193158713,0.015529779,598.494014,160.1578088,8777,22.575911502426912,10.272039733604243,0.6772773450728073,245.40015803138053,307.032396433006,17.880121909922114,10.618662413125213,26.86567164179105,20.884128973453343
06049,Modoc,2016,80.1,78.8,84.3,1.19047619,0.006630943,479.4424603,141.998827,8777,22.575911502426912,10.272039733604243,0.6772773450728073,245.40015803138053,307.032396433006,17.880121909922114,10.618662413125213,26.86567164179105,20.884128973453343
06049,Modoc,2017,106,104.9,92.1,1.379024678,0.042487254,1248.431197,173.194411,8777,22.575911502426912,10.272039733604243,0.6772773450728073,245.40015803138053,307.032396433006,17.880121909922114,10.618662413125213,26.86567164179105,20.884128973453343
06049,Modoc,2018,109.3,107.5,92.8,1.715499878,0.026589089,1225.46607,224.7688976,8777,22.575911502426912,10.272039733604243,0.6772773450728073,245.40015803138053,307.032396433006,17.880121909922114,10.618662413125213,26.86567164179105,20.884128973453343
06049,Modoc,2019,90.8,75.4,83.9,1.05267942,0.00749247,2106.613416,136.1662148,8777,22.575911502426912,10.272039733604243,0.6772773450728073,245.40015803138053,307.032396433006,17.880121909922114,10.618662413125213,26.86567164179105,20.884128973453343
06049,Modoc,2020,NA,94.3,89.4,1.387246985,0.011501063,986.6801316,191.8633678,8777,22.575911502426912,10.272039733604243,0.6772773450728073,245.40015803138053,307.032396433006,17.880121909922114,10.618662413125213,26.86567164179105,20.884128973453343
06051,Mono,2015,32,32.3,35.8,1.16344542,0.008398222,1686.54297,166.2727399,14250,7.058159232072276,1.1998870694522867,1.976284584980237,102.48447204968944,131.35234330886504,9.726143421795596,9.775438596491227,15.810526315789474,33.40350877192982
06051,Mono,2016,28.1,28.6,34.6,1.165517241,0.015310337,2328.093103,139.5302097,14250,7.058159232072276,1.1998870694522867,1.976284584980237,102.48447204968944,131.35234330886504,9.726143421795596,9.775438596491227,15.810526315789474,33.40350877192982
06051,Mono,2017,32,34.7,35.6,1.271841593,0.007862826,958.282927,155.4611934,14250,7.058159232072276,1.1998870694522867,1.976284584980237,102.48447204968944,131.35234330886504,9.726143421795596,9.775438596491227,15.810526315789474,33.40350877192982
06051,Mono,2018,54.9,53.6,45.7,1.037282519,0.008496357,2500.989229,168.7909964,14250,7.058159232072276,1.1998870694522867,1.976284584980237,102.48447204968944,131.35234330886504,9.726143421795596,9.775438596491227,15.810526315789474,33.40350877192982
06051,Mono,2019,46.5,44.2,41.4,2.432432432,0.007813551,456.8261744,138.1716419,14250,7.058159232072276,1.1998870694522867,1.976284584980237,102.48447204968944,131.35234330886504,9.726143421795596,9.775438596491227,15.810526315789474,33.40350877192982
06051,Mono,2020,NA,47.1,42.9,1.574632903,0.020472581,2754.257842,222.2572384,14250,7.058159232072276,1.1998870694522867,1.976284584980237,102.48447204968944,131.35234330886504,9.726143421795596,9.775438596491227,15.810526315789474,33.40350877192982
06053,Monterey,2015,50.2,48.4,45.1,1.139240506,0.006953534,329.139241,130.6113214,435594,0.9134359578631992,1.6852893422576027,1.8816780731981904,122.59223990481998,152.7219249749376,13.91459830511958,14.612230655151356,13.590866724518705,69.29480204043215
06053,Monterey,2016,44.3,44.3,44.7,2.343978306,0.080231253,1503.604546,175.6214974,435594,0.9134359578631992,1.6852893422576027,1.8816780731981904,122.59223990481998,152.7219249749376,13.91459830511958,14.612230655151356,13.590866724518705,69.29480204043215
06053,Monterey,2017,43.1,42.2,42.4,1,0.007181004,1295.435541,137.9647878,435594,0.9134359578631992,1.6852893422576027,1.8816780731981904,122.59223990481998,152.7219249749376,13.91459830511958,14.612230655151356,13.590866724518705,69.29480204043215
06053,Monterey,2018,36.3,37,40.2,1.059724564,0.007368779,305.1745831,138.5230689,435594,0.9134359578631992,1.6852893422576027,1.8816780731981904,122.59223990481998,152.7219249749376,13.91459830511958,14.612230655151356,13.590866724518705,69.29480204043215
06053,Monterey,2019,36.4,38.3,40.2,1.155917727,0.007921057,658.0780242,131.9887498,435594,0.9134359578631992,1.6852893422576027,1.8816780731981904,122.59223990481998,152.7219249749376,13.91459830511958,14.612230655151356,13.590866724518705,69.29480204043215
06053,Monterey,2020,NA,44.7,44.8,1.781335416,0.099802975,1676.131735,182.6580678,435594,0.9134359578631992,1.6852893422576027,1.8816780731981904,122.59223990481998,152.7219249749376,13.91459830511958,14.612230655151356,13.590866724518705,69.29480204043215
06055,Napa,2015,41.9,41.2,39.3,1.009512066,0.009364046,611.841289,129.6608184,139417,2.128067076674257,11.158165038695351,3.135352159633405,109.59545444872424,220.6876494080427,8.00507898675633,10.651498741186511,19.12607501237295,46.77191447241011
06055,Napa,2016,33.5,34.5,36.5,1,0.004689446,130.7221245,122.3941393,139417,2.128067076674257,11.158165038695351,3.135352159633405,109.59545444872424,220.6876494080427,8.00507898675633,10.651498741186511,19.12607501237295,46.77191447241011
06055,Napa,2017,40.2,40.2,39.5,1.369799772,0.158992503,2062.055735,155.0997411,139417,2.128067076674257,11.158165038695351,3.135352159633405,109.59545444872424,220.6876494080427,8.00507898675633,10.651498741186511,19.12607501237295,46.77191447241011
06055,Napa,2018,37.4,41.1,40.4,1.168212928,0.065071628,904.163553,178.5786881,139417,2.128067076674257,11.158165038695351,3.135352159633405,109.59545444872424,220.6876494080427,8.00507898675633,10.651498741186511,19.12607501237295,46.77191447241011
06055,Napa,2019,36.8,36.8,37.2,1.729446064,0.005657685,220.3895773,120.1373966,139417,2.128067076674257,11.158165038695351,3.135352159633405,109.59545444872424,220.6876494080427,8.00507898675633,10.651498741186511,19.12607501237295,46.77191447241011
06055,Napa,2020,NA,45.2,41.5,1.439065218,0.40302348,2461.783006,184.4746973,139417,2.128067076674257,11.158165038695351,3.135352159633405,109.59545444872424,220.6876494080427,8.00507898675633,10.651498741186511,19.12607501237295,46.77191447241011
06057,Nevada,2015,42.8,41.1,39.2,1.166955517,0.009253221,494.254549,129.2459532,99696,2.003726932093694,1.6630933536377663,2.154006452000721,226.0304165748292,311.5494820365881,11.883102570781654,8.946196437168993,27.46348900658,13.391710800834536
06057,Nevada,2016,33.6,33.6,35.8,1.600470958,0.001702571,105.0196232,120.6648304,99696,2.003726932093694,1.6630933536377663,2.154006452000721,226.0304165748292,311.5494820365881,11.883102570781654,8.946196437168993,27.46348900658,13.391710800834536
06057,Nevada,2017,38.5,34.7,35.9,1,0.007837975,223.3043478,135.1723833,99696,2.003726932093694,1.6630933536377663,2.154006452000721,226.0304165748292,311.5494820365881,11.883102570781654,8.946196437168993,27.46348900658,13.391710800834536
06057,Nevada,2018,26.1,28.5,33.8,1,0.003067034,159.6666667,148.8779303,99696,2.003726932093694,1.6630933536377663,2.154006452000721,226.0304165748292,311.5494820365881,11.883102570781654,8.946196437168993,27.46348900658,13.391710800834536
06057,Nevada,2019,27.2,37.1,36.5,1,0.003343668,342.7701839,106.1632636,99696,2.003726932093694,1.6630933536377663,2.154006452000721,226.0304165748292,311.5494820365881,11.883102570781654,8.946196437168993,27.46348900658,13.391710800834536
06057,Nevada,2020,NA,29.9,35.2,1,0.002044689,153,192.6072554,99696,2.003726932093694,1.6630933536377663,2.154006452000721,226.0304165748292,311.5494820365881,11.883102570781654,8.946196437168993,27.46348900658,13.391710800834536
06059,Orange,2015,33.9,30.1,31.3,1,9.77e-4,301.593268,155.612845,3185968,0.9716649949849548,1.962136409227683,3.279212637913741,62.35330992978937,162.1351554663992,11.862431043129387,11.790670841640594,14.764335360556036,58.329901618597546
06059,Orange,2016,29.2,30.9,31.2,1,0.004246445,276.892546,162.2591161,3185968,0.9716649949849548,1.962136409227683,3.279212637913741,62.35330992978937,162.1351554663992,11.862431043129387,11.790670841640594,14.764335360556036,58.329901618597546
06059,Orange,2017,29.7,28.8,31,1.037277977,0.018746566,1610.075433,164.2970363,3185968,0.9716649949849548,1.962136409227683,3.279212637913741,62.35330992978937,162.1351554663992,11.862431043129387,11.790670841640594,14.764335360556036,58.329901618597546
06059,Orange,2018,26.5,26.9,30.8,1.900283039,0.037761703,6943.085042,165.1556653,3185968,0.9716649949849548,1.962136409227683,3.279212637913741,62.35330992978937,162.1351554663992,11.862431043129387,11.790670841640594,14.764335360556036,58.329901618597546
06059,Orange,2019,26.9,27.5,31.2,1,2.85e-4,134.8798077,150.2859074,3185968,0.9716649949849548,1.962136409227683,3.279212637913741,62.35330992978937,162.1351554663992,11.862431043129387,11.790670841640594,14.764335360556036,58.329901618597546
06059,Orange,2020,NA,29.9,32.8,1.162969925,0.036448991,1605.798402,176.4937746,3185968,0.9716649949849548,1.962136409227683,3.279212637913741,62.35330992978937,162.1351554663992,11.862431043129387,11.790670841640594,14.764335360556036,58.329901618597546
06061,Placer,2015,31.4,33.7,32.1,1.030717286,0.010525221,484.16841,136.9874168,393149,0.7768679790556393,1.9162743483372435,3.340532309939249,91.60050341045044,227.32451847133095,7.891165975254165,11.48775655031553,19.561540281165662,26.05755069960753
06061,Placer,2016,28.3,28.2,31.1,1.056342302,0.008568915,614.3097815,126.7308567,393149,0.7768679790556393,1.9162743483372435,3.340532309939249,91.60050341045044,227.32451847133095,7.891165975254165,11.48775655031553,19.561540281165662,26.05755069960753
06061,Placer,2017,34.7,34.8,32.6,1,0.00438587,263.2549407,140.4989495,393149,0.7768679790556393,1.9162743483372435,3.340532309939249,91.60050341045044,227.32451847133095,7.891165975254165,11.48775655031553,19.561540281165662,26.05755069960753
06061,Placer,2018,33,34.7,32.3,1.208379764,0.011667627,1228.800312,159.3165344,393149,0.7768679790556393,1.9162743483372435,3.340532309939249,91.60050341045044,227.32451847133095,7.891165975254165,11.48775655031553,19.561540281165662,26.05755069960753
06061,Placer,2019,29.8,29.8,31.6,1.161290323,0.002740735,304.8247944,113.6811248,393149,0.7768679790556393,1.9162743483372435,3.340532309939249,91.60050341045044,227.32451847133095,7.891165975254165,11.48775655031553,19.561540281165662,26.05755069960753
06061,Placer,2020,NA,34.8,34.1,1.328565494,0.014604253,567.3394874,200.0475659,393149,0.7768679790556393,1.9162743483372435,3.340532309939249,91.60050341045044,227.32451847133095,7.891165975254165,11.48775655031553,19.561540281165662,26.05755069960753
06063,Plumas,2015,56.3,56.3,57.5,1.2,0.006351781,323.036667,137.6468345,18804,16.006829580621066,6.722868423860847,1.2805463664496852,276.5446590545299,352.5237434638779,13.013552449044926,8.987449478834291,28.42480323335461,14.688364177834504
06063,Plumas,2016,61.4,61.1,58.7,1.291666667,0.003048855,478.1041667,126.7546619,18804,16.006829580621066,6.722868423860847,1.2805463664496852,276.5446590545299,352.5237434638779,13.013552449044926,8.987449478834291,28.42480323335461,14.688364177834504
06063,Plumas,2017,63.2,62.5,58.8,1.701149425,0.011052099,511.8678161,144.6132698,18804,16.006829580621066,6.722868423860847,1.2805463664496852,276.5446590545299,352.5237434638779,13.013552449044926,8.987449478834291,28.42480323335461,14.688364177834504
06063,Plumas,2018,61.5,59.2,57.6,1.231000785,0.011419257,405.9795829,156.757744,18804,16.006829580621066,6.722868423860847,1.2805463664496852,276.5446590545299,352.5237434638779,13.013552449044926,8.987449478834291,28.42480323335461,14.688364177834504
06063,Plumas,2019,53.4,68.2,57,1.738403386,0.045074729,1956.899775,119.2047354,18804,16.006829580621066,6.722868423860847,1.2805463664496852,276.5446590545299,352.5237434638779,13.013552449044926,8.987449478834291,28.42480323335461,14.688364177834504
06063,Plumas,2020,NA,74.9,57.3,2.633621323,0.123508515,2646.580953,196.5021366,18804,16.006829580621066,6.722868423860847,1.2805463664496852,276.5446590545299,352.5237434638779,13.013552449044926,8.987449478834291,28.42480323335461,14.688364177834504
06065,Riverside,2015,43.2,41.8,42.1,1.254186603,0.002681051,433.158808,153.3338402,2450758,0.7427991809401031,1.4596003905473027,1.2809159209100445,49.9293102779472,161.17669294249993,14.947389184678858,13.391693508702206,14.40868498644093,64.11546958124792
06065,Riverside,2016,41.5,41.2,42.2,1.042713568,0.002127309,163.871608,154.3598696,2450758,0.7427991809401031,1.4596003905473027,1.2809159209100445,49.9293102779472,161.17669294249993,14.947389184678858,13.391693508702206,14.40868498644093,64.11546958124792
06065,Riverside,2017,43.2,42.8,42.3,1.102478232,0.005320054,469.3966092,146.6130344,2450758,0.7427991809401031,1.4596003905473027,1.2809159209100445,49.9293102779472,161.17669294249993,14.947389184678858,13.391693508702206,14.40868498644093,64.11546958124792
06065,Riverside,2018,37.9,38.7,40.8,1.498558903,0.011745097,3916.025936,152.2929673,2450758,0.7427991809401031,1.4596003905473027,1.2809159209100445,49.9293102779472,161.17669294249993,14.947389184678858,13.391693508702206,14.40868498644093,64.11546958124792
06065,Riverside,2019,39,39.9,40.9,1.19716141,0.006941904,746.9703116,143.2365637,2450758,0.7427991809401031,1.4596003905473027,1.2809159209100445,49.9293102779472,161.17669294249993,14.947389184678858,13.391693508702206,14.40868498644093,64.11546958124792
06065,Riverside,2020,NA,42.6,41.1,1.217702363,0.013397948,1410.168031,160.9684514,2450758,0.7427991809401031,1.4596003905473027,1.2809159209100445,49.9293102779472,161.17669294249993,14.947389184678858,13.391693508702206,14.40868498644093,64.11546958124792
06067,Sacramento,2015,69.2,66.7,63.8,1.033255086,0.010017231,389.095201,154.6696606,1540975,0.8493318045360851,2.025983019897231,3.1085544046020717,62.53434077151994,174.02482008865718,16.085233713245984,12.976005451094276,14.120994824705138,53.787829134152076
06067,Sacramento,2016,60.7,61.4,61.7,1,0.006794421,154.018458,147.5956869,1540975,0.8493318045360851,2.025983019897231,3.1085544046020717,62.53434077151994,174.02482008865718,16.085233713245984,12.976005451094276,14.120994824705138,53.787829134152076
06067,Sacramento,2017,68.6,66.4,64.5,1.008117777,0.009494684,159.2634838,160.4519662,1540975,0.8493318045360851,2.025983019897231,3.1085544046020717,62.53434077151994,174.02482008865718,16.085233713245984,12.976005451094276,14.120994824705138,53.787829134152076
06067,Sacramento,2018,64.5,59.8,61.6,1.137103336,0.016055265,313.3102455,206.2048902,1540975,0.8493318045360851,2.025983019897231,3.1085544046020717,62.53434077151994,174.02482008865718,16.085233713245984,12.976005451094276,14.120994824705138,53.787829134152076
06067,Sacramento,2019,59.4,61,61.3,1,0.006441701,181.1750152,142.2683613,1540975,0.8493318045360851,2.025983019897231,3.1085544046020717,62.53434077151994,174.02482008865718,16.085233713245984,12.976005451094276,14.120994824705138,53.787829134152076
06067,Sacramento,2020,NA,60.5,61.5,1.058152794,0.017185273,458.5326872,223.3249257,1540975,0.8493318045360851,2.025983019897231,3.1085544046020717,62.53434077151994,174.02482008865718,16.085233713245984,12.976005451094276,14.120994824705138,53.787829134152076
06069,San Benito,2015,50.1,51.4,54.5,1,0.005783439,1523.58069,127.0508571,61537,1.65809981760902,3.001160669872326,0.7627259161001493,110.59525783452165,152.54518322002986,9.401425965843144,13.621073500495635,12.89793132586899,65.51180590539025
06069,San Benito,2016,48.7,58.1,56.8,1,9.54e-4,105,151.7099275,61537,1.65809981760902,3.001160669872326,0.7627259161001493,110.59525783452165,152.54518322002986,9.401425965843144,13.621073500495635,12.89793132586899,65.51180590539025
06069,San Benito,2017,61.2,60.6,58.2,1,5.33e-5,176,129.5000184,61537,1.65809981760902,3.001160669872326,0.7627259161001493,110.59525783452165,152.54518322002986,9.401425965843144,13.621073500495635,12.89793132586899,65.51180590539025
06069,San Benito,2018,56.7,56.6,54.7,1.166051661,0.017234349,997.0304971,128.1619495,61537,1.65809981760902,3.001160669872326,0.7627259161001493,110.59525783452165,152.54518322002986,9.401425965843144,13.621073500495635,12.89793132586899,65.51180590539025
06069,San Benito,2019,60.6,59.5,57.4,1.10312886,0.004543329,436.0077192,121.2845334,61537,1.65809981760902,3.001160669872326,0.7627259161001493,110.59525783452165,152.54518322002986,9.401425965843144,13.621073500495635,12.89793132586899,65.51180590539025
06069,San Benito,2020,NA,58.1,55.9,1,0.006915998,2368.724138,177.2600486,61537,1.65809981760902,3.001160669872326,0.7627259161001493,110.59525783452165,152.54518322002986,9.401425965843144,13.621073500495635,12.89793132586899,65.51180590539025
06071,San Bernardino,2015,59.3,57.7,55.1,1.974847647,0.004565277,2629.49191,148.2673424,2171603,1.2515041225472836,2.9266655665790924,1.8869901047740711,39.55680067340192,143.82517136336077,17.373194821183237,14.430400031681666,11.574905726322903,71.04222088475656
06071,San Bernardino,2016,51.9,52.5,52.2,1.265269728,0.004332725,1867.198449,151.7810299,2171603,1.2515041225472836,2.9266655665790924,1.8869901047740711,39.55680067340192,143.82517136336077,17.373194821183237,14.430400031681666,11.574905726322903,71.04222088475656
06071,San Bernardino,2017,51.4,51.5,51.3,1.32800441,0.001038729,975.9332966,146.9225076,2171603,1.2515041225472836,2.9266655665790924,1.8869901047740711,39.55680067340192,143.82517136336077,17.373194821183237,14.430400031681666,11.574905726322903,71.04222088475656
06071,San Bernardino,2018,47.4,48.4,50.2,1.414095486,7.8e-4,879.3606893,157.5967109,2171603,1.2515041225472836,2.9266655665790924,1.8869901047740711,39.55680067340192,143.82517136336077,17.373194821183237,14.430400031681666,11.574905726322903,71.04222088475656
06071,San Bernardino,2019,49.5,49.4,50.8,1.273551785,6.63e-4,251.9912229,146.804378,2171603,1.2515041225472836,2.9266655665790924,1.8869901047740711,39.55680067340192,143.82517136336077,17.373194821183237,14.430400031681666,11.574905726322903,71.04222088475656
06071,San Bernardino,2020,NA,49,53.4,1.861928141,0.007263673,2029.923879,166.0685392,2171603,1.2515041225472836,2.9266655665790924,1.8869901047740711,39.55680067340192,143.82517136336077,17.373194821183237,14.430400031681666,11.574905726322903,71.04222088475656
06073,San Diego,2015,37,37.1,34.8,1.209742277,0.003141175,521.247304,129.3770496,3343364,0.8089439237075997,2.1380088294731228,3.2160015100286574,62.30905552800819,162.6573508284934,12.794227136473332,12.2359994305137,14.041366719268378,53.08566461803142
06073,San Diego,2016,30.9,31.8,32.1,1.24832146,0.005601121,1019.730844,132.9282506,3343364,0.8089439237075997,2.1380088294731228,3.2160015100286574,62.30905552800819,162.6573508284934,12.794227136473332,12.2359994305137,14.041366719268378,53.08566461803142
06073,San Diego,2017,31.7,30.3,31.5,1.051408699,0.005695855,984.3071418,133.5558969,3343364,0.8089439237075997,2.1380088294731228,3.2160015100286574,62.30905552800819,162.6573508284934,12.794227136473332,12.2359994305137,14.041366719268378,53.08566461803142
06073,San Diego,2018,28.7,29.4,31.2,1.089469297,0.004132732,645.4342873,133.4913539,3343364,0.8089439237075997,2.1380088294731228,3.2160015100286574,62.30905552800819,162.6573508284934,12.794227136473332,12.2359994305137,14.041366719268378,53.08566461803142
06073,San Diego,2019,29.8,33,34.6,1.142511177,0.001541019,168.8366244,127.65327,3343364,0.8089439237075997,2.1380088294731228,3.2160015100286574,62.30905552800819,162.6573508284934,12.794227136473332,12.2359994305137,14.041366719268378,53.08566461803142
06073,San Diego,2020,NA,32.3,33.2,1.052774544,0.011096885,2238.033799,144.0873966,3343364,0.8089439237075997,2.1380088294731228,3.2160015100286574,62.30905552800819,162.6573508284934,12.794227136473332,12.2359994305137,14.041366719268378,53.08566461803142
06075,San Francisco,2015,41.3,40,38.4,0,0,0,135.3916437,883305,1.3569088711309722,4.966286468339359,7.96166280136098,76.97404798708223,172.51965539037704,11.20535345779957,8.151997328216188,15.651332212542666,57.98642597970124
06075,San Francisco,2016,38.5,40.1,38.2,0,0,0,137.4490711,883305,1.3569088711309722,4.966286468339359,7.96166280136098,76.97404798708223,172.51965539037704,11.20535345779957,8.151997328216188,15.651332212542666,57.98642597970124
06075,San Francisco,2017,41.7,38.9,37.9,0,0,0,160.9891721,883305,1.3569088711309722,4.966286468339359,7.96166280136098,76.97404798708223,172.51965539037704,11.20535345779957,8.151997328216188,15.651332212542666,57.98642597970124
06075,San Francisco,2018,36.1,36.5,37.8,0,0,0,167.7868363,883305,1.3569088711309722,4.966286468339359,7.96166280136098,76.97404798708223,172.51965539037704,11.20535345779957,8.151997328216188,15.651332212542666,57.98642597970124
06075,San Francisco,2019,33.2,36.7,37.4,0,0,0,152.5151152,883305,1.3569088711309722,4.966286468339359,7.96166280136098,76.97404798708223,172.51965539037704,11.20535345779957,8.151997328216188,15.651332212542666,57.98642597970124
06075,San Francisco,2020,NA,38.5,38.6,1,3.6e-4,143.5,168.9816383,883305,1.3569088711309722,4.966286468339359,7.96166280136098,76.97404798708223,172.51965539037704,11.20535345779957,8.151997328216188,15.651332212542666,57.98642597970124
06077,San Joaquin,2015,66.2,65.4,62.9,1.206123068,0.018047984,209.8058,143.5375568,752660,1.0732147073343492,1.5427461417931272,1.5789671381656614,73.33544398892442,155.091598875271,16.272081392603404,14.66253022613132,12.743602689129222,67.36507852151038
06077,San Joaquin,2016,57.5,57.8,58.7,1.112653834,0.014447323,121.8778006,138.649484,752660,1.0732147073343492,1.5427461417931272,1.5789671381656614,73.33544398892442,155.091598875271,16.272081392603404,14.66253022613132,12.743602689129222,67.36507852151038
06077,San Joaquin,2017,65.9,64.2,63.1,1.131249094,0.044009399,203.6511281,151.2334038,752660,1.0732147073343492,1.5427461417931272,1.5789671381656614,73.33544398892442,155.091598875271,16.272081392603404,14.66253022613132,12.743602689129222,67.36507852151038
06077,San Joaquin,2018,60.5,60.6,61.3,1.153177696,0.026441017,174.7145419,189.9110617,752660,1.0732147073343492,1.5427461417931272,1.5789671381656614,73.33544398892442,155.091598875271,16.272081392603404,14.66253022613132,12.743602689129222,67.36507852151038
06077,San Joaquin,2019,57.9,57.8,58.8,1.119604371,0.044802657,185.4381627,132.1963088,752660,1.0732147073343492,1.5427461417931272,1.5789671381656614,73.33544398892442,155.091598875271,16.272081392603404,14.66253022613132,12.743602689129222,67.36507852151038
06077,San Joaquin,2020,NA,62.1,60.7,1.336264338,0.059935646,923.3784064,215.2610932,752660,1.0732147073343492,1.5427461417931272,1.5789671381656614,73.33544398892442,155.091598875271,16.272081392603404,14.66253022613132,12.743602689129222,67.36507852151038
06079,San Luis Obispo,2015,40.1,40.6,39.3,1.216216216,0.003392911,1589.13514,142.3042893,284010,2.1171115541363066,5.698558599883559,2.724016866322048,173.09504066618445,233.15396693777456,12.850867133607382,9.523256223372416,20.083799866201893,29.878877504313227
06079,San Luis Obispo,2016,38.1,38.5,38.8,1.673477784,0.026222689,1559.555793,159.3281672,284010,2.1171115541363066,5.698558599883559,2.724016866322048,173.09504066618445,233.15396693777456,12.850867133607382,9.523256223372416,20.083799866201893,29.878877504313227
06079,San Luis Obispo,2017,33.3,37.9,38.9,1.029609143,0.008841707,1384.392667,151.0700202,284010,2.1171115541363066,5.698558599883559,2.724016866322048,173.09504066618445,233.15396693777456,12.850867133607382,9.523256223372416,20.083799866201893,29.878877504313227
06079,San Luis Obispo,2018,28.3,38.2,38.1,1,0.004493315,150.0408163,143.9754847,284010,2.1171115541363066,5.698558599883559,2.724016866322048,173.09504066618445,233.15396693777456,12.850867133607382,9.523256223372416,20.083799866201893,29.878877504313227
06079,San Luis Obispo,2019,31.1,40.5,38.8,1.090964684,0.007056607,351.4297508,142.6866085,284010,2.1171115541363066,5.698558599883559,2.724016866322048,173.09504066618445,233.15396693777456,12.850867133607382,9.523256223372416,20.083799866201893,29.878877504313227
06079,San Luis Obispo,2020,NA,36.5,39.4,1.048678057,0.007535247,263.2312446,175.9553246,284010,2.1171115541363066,5.698558599883559,2.724016866322048,173.09504066618445,233.15396693777456,12.850867133607382,9.523256223372416,20.083799866201893,29.878877504313227
06081,San Mateo,2015,36.4,32.4,31.6,0,0,0,144.0941995,769545,0.9074292529264594,1.5102215423704646,4.679742290092169,68.7170246691124,170.99337576645362,7.127338250735666,11.32916203730776,16.103151862464184,59.48424068767907
06081,San Mateo,2016,32.5,29,29.7,0,0,0,153.5467353,769545,0.9074292529264594,1.5102215423704646,4.679742290092169,68.7170246691124,170.99337576645362,7.127338250735666,11.32916203730776,16.103151862464184,59.48424068767907
06081,San Mateo,2017,31.8,31.7,30.8,1,4.49e-4,170,164.1940021,769545,0.9074292529264594,1.5102215423704646,4.679742290092169,68.7170246691124,170.99337576645362,7.127338250735666,11.32916203730776,16.103151862464184,59.48424068767907
06081,San Mateo,2018,27.5,28.6,30,0,0,0,175.566668,769545,0.9074292529264594,1.5102215423704646,4.679742290092169,68.7170246691124,170.99337576645362,7.127338250735666,11.32916203730776,16.103151862464184,59.48424068767907
06081,San Mateo,2019,25.9,28.7,29.6,0,0,0,155.687675,769545,0.9074292529264594,1.5102215423704646,4.679742290092169,68.7170246691124,170.99337576645362,7.127338250735666,11.32916203730776,16.103151862464184,59.48424068767907
06081,San Mateo,2020,NA,32.5,33.1,1.643684014,0.051852882,1699.345546,187.4689162,769545,0.9074292529264594,1.5102215423704646,4.679742290092169,68.7170246691124,170.99337576645362,7.127338250735666,11.32916203730776,16.103151862464184,59.48424068767907
06083,Santa Barbara,2015,40.7,39.1,36.8,1.571428571,0.00245572,667.017857,128.3641203,446527,1.338837442820484,1.9502398750418384,2.5058574138123397,126.0002231395738,175.50150619212317,14.614080107106997,12.460612684115404,15.33277942879154,54.65022271889494
06083,Santa Barbara,2016,37.7,35.4,33.8,1.543319377,0.027764765,3786.533381,140.2647627,446527,1.338837442820484,1.9502398750418384,2.5058574138123397,126.0002231395738,175.50150619212317,14.614080107106997,12.460612684115404,15.33277942879154,54.65022271889494
06083,Santa Barbara,2017,33.5,33.9,33.8,1.620426005,0.047052827,4075.579568,142.0673209,446527,1.338837442820484,1.9502398750418384,2.5058574138123397,126.0002231395738,175.50150619212317,14.614080107106997,12.460612684115404,15.33277942879154,54.65022271889494
06083,Santa Barbara,2018,27.5,28.2,30.2,1.094339623,0.004648326,800.0943396,138.9469094,446527,1.338837442820484,1.9502398750418384,2.5058574138123397,126.0002231395738,175.50150619212317,14.614080107106997,12.460612684115404,15.33277942879154,54.65022271889494
06083,Santa Barbara,2019,27.8,28.5,30.2,1.026315789,0.006665525,1651.065789,135.9497195,446527,1.338837442820484,1.9502398750418384,2.5058574138123397,126.0002231395738,175.50150619212317,14.614080107106997,12.460612684115404,15.33277942879154,54.65022271889494
06083,Santa Barbara,2020,NA,34.6,32.5,1,0.001912641,295.8448121,157.7166989,446527,1.338837442820484,1.9502398750418384,2.5058574138123397,126.0002231395738,175.50150619212317,14.614080107106997,12.460612684115404,15.33277942879154,54.65022271889494
06085,Santa Clara,2015,35.1,34.2,32,1,4.45e-4,89.0067265,129.1552158,1937570,0.619146166479117,2.0493738110458772,4.138992122912897,59.31317083842194,143.8137236843531,8.38556089225154,11.95337458775683,13.477242112543031,67.30786500616752
06085,Santa Clara,2016,29.1,29.6,30.6,1.633704735,0.010737722,636.8480966,150.2549536,1937570,0.619146166479117,2.0493738110458772,4.138992122912897,59.31317083842194,143.8137236843531,8.38556089225154,11.95337458775683,13.477242112543031,67.30786500616752
06085,Santa Clara,2017,30.7,30.4,30.3,1,0.001016943,96.5,141.1584234,1937570,0.619146166479117,2.0493738110458772,4.138992122912897,59.31317083842194,143.8137236843531,8.38556089225154,11.95337458775683,13.477242112543031,67.30786500616752
06085,Santa Clara,2018,26.4,27.2,29.2,1,5.08e-4,105.5,150.7535373,1937570,0.619146166479117,2.0493738110458772,4.138992122912897,59.31317083842194,143.8137236843531,8.38556089225154,11.95337458775683,13.477242112543031,67.30786500616752
06085,Santa Clara,2019,23.9,25.2,28.7,1,0.001525415,167,131.3751852,1937570,0.619146166479117,2.0493738110458772,4.138992122912897,59.31317083842194,143.8137236843531,8.38556089225154,11.95337458775683,13.477242112543031,67.30786500616752
06085,Santa Clara,2020,NA,31.5,32.6,1.470676079,0.195616975,2116.878707,182.8211903,1937570,0.619146166479117,2.0493738110458772,4.138992122912897,59.31317083842194,143.8137236843531,8.38556089225154,11.95337458775683,13.477242112543031,67.30786500616752
06087,Santa Cruz,2015,36.5,34.4,31.7,1,0.006014602,230.272727,142.4224852,274255,1.0873623127471483,1.3012102342540877,2.5263051066158746,144.7786674012403,189.22641420530127,13.992540694534554,10.442471422581177,16.45439463273231,41.63424550144938
06087,Santa Cruz,2016,34.4,34.4,33.1,1.187103988,0.005753005,283.3407877,164.6816572,274255,1.0873623127471483,1.3012102342540877,2.5263051066158746,144.7786674012403,189.22641420530127,13.992540694534554,10.442471422581177,16.45439463273231,41.63424550144938
06087,Santa Cruz,2017,29.8,29.6,30.2,0,0,0,159.7245903,274255,1.0873623127471483,1.3012102342540877,2.5263051066158746,144.7786674012403,189.22641420530127,13.992540694534554,10.442471422581177,16.45439463273231,41.63424550144938
06087,Santa Cruz,2018,27.9,29.1,30,1,0.002187128,1065.5,164.4181182,274255,1.0873623127471483,1.3012102342540877,2.5263051066158746,144.7786674012403,189.22641420530127,13.992540694534554,10.442471422581177,16.45439463273231,41.63424550144938
06087,Santa Cruz,2019,29.4,29,30.2,0,0,0,152.9729983,274255,1.0873623127471483,1.3012102342540877,2.5263051066158746,144.7786674012403,189.22641420530127,13.992540694534554,10.442471422581177,16.45439463273231,41.63424550144938
06087,Santa Cruz,2020,NA,35.2,35.6,1.28837128,0.171779615,4537.81116,194.4514334,274255,1.0873623127471483,1.3012102342540877,2.5263051066158746,144.7786674012403,189.22641420530127,13.992540694534554,10.442471422581177,16.45439463273231,41.63424550144938
06089,Shasta,2015,60.5,57.2,52.3,1.226371776,0.004421646,423.819609,153.1468657,180040,2.7789974488803417,3.1902890713146324,2.1731760050244273,244.34612969025295,278.9057419645289,17.76724228967158,11.77849366807376,20.858142634970008,18.33203732503888
06089,Shasta,2016,46.4,47.7,48.1,1.128451279,0.003983103,335.7267012,120.915373,180040,2.7789974488803417,3.1902890713146324,2.1731760050244273,244.34612969025295,278.9057419645289,17.76724228967158,11.77849366807376,20.858142634970008,18.33203732503888
06089,Shasta,2017,45.3,46.9,48.5,1.475081509,0.00290603,391.7434211,167.39865,180040,2.7789974488803417,3.1902890713146324,2.1731760050244273,244.34612969025295,278.9057419645289,17.76724228967158,11.77849366807376,20.858142634970008,18.33203732503888
06089,Shasta,2018,38.6,39.4,46,2.299192505,0.147543308,2246.859981,235.3778867,180040,2.7789974488803417,3.1902890713146324,2.1731760050244273,244.34612969025295,278.9057419645289,17.76724228967158,11.77849366807376,20.858142634970008,18.33203732503888
06089,Shasta,2019,39.8,46.1,50.2,1.067146493,0.003855194,703.26547,115.9784852,180040,2.7789974488803417,3.1902890713146324,2.1731760050244273,244.34612969025295,278.9057419645289,17.76724228967158,11.77849366807376,20.858142634970008,18.33203732503888
06089,Shasta,2020,NA,50.2,49.5,1.19269014,0.031579902,1169.320016,205.3757076,180040,2.7789974488803417,3.1902890713146324,2.1731760050244273,244.34612969025295,278.9057419645289,17.76724228967158,11.77849366807376,20.858142634970008,18.33203732503888
06091,Sierra,2015,NA,41.5,46.2,1,0.001379799,353,135.0162392,2987,0,0,0.33344448149383127,267.4224741580527,333.1110370123374,11.703901300433476,9.106126548376295,31.63709407432206,16.103113491797792
06091,Sierra,2016,NA,37.1,46.6,1,3.44e-4,80,126.8550444,2987,0,0,0.33344448149383127,267.4224741580527,333.1110370123374,11.703901300433476,9.106126548376295,31.63709407432206,16.103113491797792
06091,Sierra,2017,NA,39.6,46.2,1,0.001657112,219.3102041,139.8679076,2987,0,0,0.33344448149383127,267.4224741580527,333.1110370123374,11.703901300433476,9.106126548376295,31.63709407432206,16.103113491797792
06091,Sierra,2018,52.5,38.5,46.7,1,0.003017973,129.3312416,145.519857,2987,0,0,0.33344448149383127,267.4224741580527,333.1110370123374,11.703901300433476,9.106126548376295,31.63709407432206,16.103113491797792
06091,Sierra,2019,NA,39.8,47.8,1,0.005059264,290.223262,111.3278035,2987,0,0,0.33344448149383127,267.4224741580527,333.1110370123374,11.703901300433476,9.106126548376295,31.63709407432206,16.103113491797792
06091,Sierra,2020,NA,45.7,47.2,1.288624788,0.033464189,3104.615834,188.8352211,2987,0,0,0.33344448149383127,267.4224741580527,333.1110370123374,11.703901300433476,9.106126548376295,31.63709407432206,16.103113491797792
06093,Siskiyou,2015,47,45.8,44.7,1.137098551,0.009305806,589.62603,169.9971423,43724,4.5606914008163635,1.3226005062367454,1.3910108772489909,257.06337080701434,324.5844069961006,20.329281919138943,10.9344982160827,25.5237398225231,21.857561064861404
06093,Siskiyou,2016,33.7,33.9,39,1.963855422,0.017353837,904.4710843,132.4876289,43724,4.5606914008163635,1.3226005062367454,1.3910108772489909,257.06337080701434,324.5844069961006,20.329281919138943,10.9344982160827,25.5237398225231,21.857561064861404
06093,Siskiyou,2017,42.1,39.5,43.5,2.785360114,0.078657609,1324.007003,230.5081133,43724,4.5606914008163635,1.3226005062367454,1.3910108772489909,257.06337080701434,324.5844069961006,20.329281919138943,10.9344982160827,25.5237398225231,21.857561064861404
06093,Siskiyou,2018,34.1,35.4,41.1,2.058661974,0.024771547,519.6160602,225.2463888,43724,4.5606914008163635,1.3226005062367454,1.3910108772489909,257.06337080701434,324.5844069961006,20.329281919138943,10.9344982160827,25.5237398225231,21.857561064861404
06093,Siskiyou,2019,40.4,40.5,42.2,1.17385286,0.009921779,620.9344152,126.857289,43724,4.5606914008163635,1.3226005062367454,1.3910108772489909,257.06337080701434,324.5844069961006,20.329281919138943,10.9344982160827,25.5237398225231,21.857561064861404
06093,Siskiyou,2020,NA,43.3,44.4,1.91233329,0.054618261,6201.524875,204.1472901,43724,4.5606914008163635,1.3226005062367454,1.3910108772489909,257.06337080701434,324.5844069961006,20.329281919138943,10.9344982160827,25.5237398225231,21.857561064861404
06095,Solano,2015,83.2,83,78.6,1.236500987,0.016748018,591.379732,146.7494213,446610,1.5714163849341576,2.3885529050999197,2.0540657031639347,77.96245661768337,185.1846863228408,10.91528269780765,12.168110879738474,15.769911108125658,60.504914802624214
06095,Solano,2016,80.8,72.2,73.1,1.096369637,0.01089074,308.5949835,139.9517668,446610,1.5714163849341576,2.3885529050999197,2.0540657031639347,77.96245661768337,185.1846863228408,10.91528269780765,12.168110879738474,15.769911108125658,60.504914802624214
06095,Solano,2017,91.7,87.3,80.3,1.210172872,0.021623331,619.0910239,168.7187519,446610,1.5714163849341576,2.3885529050999197,2.0540657031639347,77.96245661768337,185.1846863228408,10.91528269780765,12.168110879738474,15.769911108125658,60.504914802624214
06095,Solano,2018,79.6,79.6,78.6,1.023479582,0.031228749,2129.997905,203.1003893,446610,1.5714163849341576,2.3885529050999197,2.0540657031639347,77.96245661768337,185.1846863228408,10.91528269780765,12.168110879738474,15.769911108125658,60.504914802624214
06095,Solano,2019,70.1,71.9,73.6,1.095238095,0.007698999,528.015873,135.1882761,446610,1.5714163849341576,2.3885529050999197,2.0540657031639347,77.96245661768337,185.1846863228408,10.91528269780765,12.168110879738474,15.769911108125658,60.504914802624214
06095,Solano,2020,NA,76.9,78,1.04462972,0.070356339,7336.3797,217.3306085,446610,1.5714163849341576,2.3885529050999197,2.0540657031639347,77.96245661768337,185.1846863228408,10.91528269780765,12.168110879738474,15.769911108125658,60.504914802624214
06097,Sonoma,2015,40.2,38.9,38.5,1,0.002824705,123.189048,133.9894259,499942,1.7849457673977671,2.71113429336972,2.7468332087176752,96.66671294303842,217.6741363341577,10.453237395803791,10.369402850730683,19.745090430489935,35.285093070796215
06097,Sonoma,2016,36.6,36.7,37.6,1,0.001690404,217.2222222,132.2866249,499942,1.7849457673977671,2.71113429336972,2.7468332087176752,96.66671294303842,217.6741363341577,10.453237395803791,10.369402850730683,19.745090430489935,35.285093070796215
06097,Sonoma,2017,41.6,38,38.7,1.559879169,0.082415089,2107.8768,163.6064763,499942,1.7849457673977671,2.71113429336972,2.7468332087176752,96.66671294303842,217.6741363341577,10.453237395803791,10.369402850730683,19.745090430489935,35.285093070796215
06097,Sonoma,2018,38,38.2,38.6,1,0.002629517,139.0714286,175.4258208,499942,1.7849457673977671,2.71113429336972,2.7468332087176752,96.66671294303842,217.6741363341577,10.453237395803791,10.369402850730683,19.745090430489935,35.285093070796215
06097,Sonoma,2019,31.5,34.7,38.6,1.441744374,0.052527724,1571.593507,132.406437,499942,1.7849457673977671,2.71113429336972,2.7468332087176752,96.66671294303842,217.6741363341577,10.453237395803791,10.369402850730683,19.745090430489935,35.285093070796215
06097,Sonoma,2020,NA,40.3,39.9,1.209057299,0.062357844,1084.23435,178.7405307,499942,1.7849457673977671,2.71113429336972,2.7468332087176752,96.66671294303842,217.6741363341577,10.453237395803791,10.369402850730683,19.745090430489935,35.285093070796215
06099,Stanislaus,2015,60.7,58.5,56.5,1.042749371,0.010255943,117.820956,138.6416262,549815,1.2776077342721923,2.097101838112499,1.657239746741644,71.8526589754681,164.3313822438077,16.647228777566667,14.79388521593627,13.153333393959786,57.51480043287287
06099,Stanislaus,2016,51.3,51.9,54.4,1.062452039,0.014563783,157.7733015,142.2813036,549815,1.2776077342721923,2.097101838112499,1.657239746741644,71.8526589754681,164.3313822438077,16.647228777566667,14.79388521593627,13.153333393959786,57.51480043287287
06099,Stanislaus,2017,56.6,56.7,55.6,1.210528676,0.0383433,289.8093882,146.0595205,549815,1.2776077342721923,2.097101838112499,1.657239746741644,71.8526589754681,164.3313822438077,16.647228777566667,14.79388521593627,13.153333393959786,57.51480043287287
06099,Stanislaus,2018,52.8,56.8,56,1.116106402,0.02940954,177.2614002,163.5719676,549815,1.2776077342721923,2.097101838112499,1.657239746741644,71.8526589754681,164.3313822438077,16.647228777566667,14.79388521593627,13.153333393959786,57.51480043287287
06099,Stanislaus,2019,52,52.4,53.3,1.008466979,0.025890883,500.0658598,125.1851189,549815,1.2776077342721923,2.097101838112499,1.657239746741644,71.8526589754681,164.3313822438077,16.647228777566667,14.79388521593627,13.153333393959786,57.51480043287287
06099,Stanislaus,2020,NA,55.3,55.5,1.391751709,0.19392071,1301.686477,209.6852687,549815,1.2776077342721923,2.097101838112499,1.657239746741644,71.8526589754681,164.3313822438077,16.647228777566667,14.79388521593627,13.153333393959786,57.51480043287287
06101,Sutter,2015,34.1,34.9,35.1,1,0.034228847,511.639693,159.536149,96807,1.034682559390779,0.14485555831470906,1.7796540021521396,154.4677592914494,190.0297988577105,16.35315785117126,13.931843771628085,15.393514931771463,52.8691107048044
06101,Sutter,2016,33.7,33.1,33.8,1.157938201,0.031031905,211.9131512,147.9534007,96807,1.034682559390779,0.14485555831470906,1.7796540021521396,154.4677592914494,190.0297988577105,16.35315785117126,13.931843771628085,15.393514931771463,52.8691107048044
06101,Sutter,2017,31.7,32,33.8,1.124802632,0.064921198,337.3439364,166.9116497,96807,1.034682559390779,0.14485555831470906,1.7796540021521396,154.4677592914494,190.0297988577105,16.35315785117126,13.931843771628085,15.393514931771463,52.8691107048044
06101,Sutter,2018,29.9,34.4,36.4,1.233433116,0.072767266,202.5833679,231.4301086,96807,1.034682559390779,0.14485555831470906,1.7796540021521396,154.4677592914494,190.0297988577105,16.35315785117126,13.931843771628085,15.393514931771463,52.8691107048044
06101,Sutter,2019,27.8,29.7,32.2,1.296193342,0.09295904,220.5677192,146.7938765,96807,1.034682559390779,0.14485555831470906,1.7796540021521396,154.4677592914494,190.0297988577105,16.35315785117126,13.931843771628085,15.393514931771463,52.8691107048044
06101,Sutter,2020,NA,31.6,35.6,1.210091213,0.092480673,261.2176539,230.6684085,96807,1.034682559390779,0.14485555831470906,1.7796540021521396,154.4677592914494,190.0297988577105,16.35315785117126,13.931843771628085,15.393514931771463,52.8691107048044
06103,Tehama,2015,52.7,51.6,52.4,1,5.6e-4,81.2,151.0908816,63916,1.5643087319713418,1.016800675781372,0.7977974533053843,209.7425147827175,245.0176766886713,20.350092294215187,13.0170849239627,19.38325301958821,30.829526253207337
06103,Tehama,2016,55.9,47.7,50.7,1.137931034,0.003249121,243.737931,131.50505,63916,1.5643087319713418,1.016800675781372,0.7977974533053843,209.7425147827175,245.0176766886713,20.350092294215187,13.0170849239627,19.38325301958821,30.829526253207337
06103,Tehama,2017,59.7,51.5,52.3,1.311688312,0.003721441,279.9848623,168.1286301,63916,1.5643087319713418,1.016800675781372,0.7977974533053843,209.7425147827175,245.0176766886713,20.350092294215187,13.0170849239627,19.38325301958821,30.829526253207337
06103,Tehama,2018,48,48.3,50.4,1.217305197,0.012867311,372.5201632,232.7717285,63916,1.5643087319713418,1.016800675781372,0.7977974533053843,209.7425147827175,245.0176766886713,20.350092294215187,13.0170849239627,19.38325301958821,30.829526253207337
06103,Tehama,2019,47,47.5,48.6,1.580068604,0.024336555,962.8475086,120.3691139,63916,1.5643087319713418,1.016800675781372,0.7977974533053843,209.7425147827175,245.0176766886713,20.350092294215187,13.0170849239627,19.38325301958821,30.829526253207337
06103,Tehama,2020,NA,52.1,51.5,2.861441921,0.153125659,1735.848534,244.3345021,63916,1.5643087319713418,1.016800675781372,0.7977974533053843,209.7425147827175,245.0176766886713,20.350092294215187,13.0170849239627,19.38325301958821,30.829526253207337
06105,Trinity,2015,60.5,60.1,57.9,2.379362486,0.110265603,602.338778,214.4267096,12535,7.868439688409788,3.698166653552601,0.3934219844204894,249.4295381225903,307.10520103863405,20.02517900700291,8.966892700438772,27.283605903470285,15.660151575588351
06105,Trinity,2016,52.7,52.7,54.6,1,8.25e-4,97.2943787,117.6061423,12535,7.868439688409788,3.698166653552601,0.3934219844204894,249.4295381225903,307.10520103863405,20.02517900700291,8.966892700438772,27.283605903470285,15.660151575588351
06105,Trinity,2017,50.1,52.2,55.2,2.154533796,0.032666665,1304.145063,179.0254664,12535,7.868439688409788,3.698166653552601,0.3934219844204894,249.4295381225903,307.10520103863405,20.02517900700291,8.966892700438772,27.283605903470285,15.660151575588351
06105,Trinity,2018,60.1,58.6,57.3,2.16276035,0.031790202,2214.176693,186.2306889,12535,7.868439688409788,3.698166653552601,0.3934219844204894,249.4295381225903,307.10520103863405,20.02517900700291,8.966892700438772,27.283605903470285,15.660151575588351
06105,Trinity,2019,43,54.1,56.8,1.5325179,0.006816486,565.7495078,117.207259,12535,7.868439688409788,3.698166653552601,0.3934219844204894,249.4295381225903,307.10520103863405,20.02517900700291,8.966892700438772,27.283605903470285,15.660151575588351
06105,Trinity,2020,NA,57.6,57.9,2.486872656,0.233443078,5293.018403,243.1782135,12535,7.868439688409788,3.698166653552601,0.3934219844204894,249.4295381225903,307.10520103863405,20.02517900700291,8.966892700438772,27.283605903470285,15.660151575588351
06107,Tulare,2015,51.3,49.8,47.8,1.331746759,0.022857326,337.289806,174.1330564,465861,0.6458654920526251,2.3229628864159415,1.1453348059066553,99.148964569972,138.47356149608282,26.421065548888787,16.7663745194382,11.439463702692434,71.11091076522825
06107,Tulare,2016,40.5,42.3,44.8,1.543110629,0.040633275,1068.897303,163.7884325,465861,0.6458654920526251,2.3229628864159415,1.1453348059066553,99.148964569972,138.47356149608282,26.421065548888787,16.7663745194382,11.439463702692434,71.11091076522825
06107,Tulare,2017,43.4,43.4,45.4,1.958676003,0.065742513,1089.097468,171.6003425,465861,0.6458654920526251,2.3229628864159415,1.1453348059066553,99.148964569972,138.47356149608282,26.421065548888787,16.7663745194382,11.439463702692434,71.11091076522825
06107,Tulare,2018,32.2,47,47.6,1.534684088,0.025535282,317.7310383,177.3202431,465861,0.6458654920526251,2.3229628864159415,1.1453348059066553,99.148964569972,138.47356149608282,26.421065548888787,16.7663745194382,11.439463702692434,71.11091076522825
06107,Tulare,2019,40.2,40.9,44.5,1.312147878,0.03003857,351.7442201,139.1777232,465861,0.6458654920526251,2.3229628864159415,1.1453348059066553,99.148964569972,138.47356149608282,26.421065548888787,16.7663745194382,11.439463702692434,71.11091076522825
06107,Tulare,2020,NA,46.1,47.5,2.756959518,0.098023593,1778.867582,263.4337767,465861,0.6458654920526251,2.3229628864159415,1.1453348059066553,99.148964569972,138.47356149608282,26.421065548888787,16.7663745194382,11.439463702692434,71.11091076522825
06109,Tuolumne,2015,53.1,52.6,51.2,1.239796878,0.012161872,657.62413,145.0728161,54539,1.8433859312785723,2.80194661554343,1.9724229464680725,253.44713169149097,307.642678071081,12.673278277540186,9.0779075523937,26.18126478299932,18.559196171546965
06109,Tuolumne,2016,46.9,46.1,48.4,1.074823944,0.007795309,653.7794894,134.0117797,54539,1.8433859312785723,2.80194661554343,1.9724229464680725,253.44713169149097,307.642678071081,12.673278277540186,9.0779075523937,26.18126478299932,18.559196171546965
06109,Tuolumne,2017,53.6,52.9,51.3,1.569322255,0.014039791,533.8357249,168.6209012,54539,1.8433859312785723,2.80194661554343,1.9724229464680725,253.44713169149097,307.642678071081,12.673278277540186,9.0779075523937,26.18126478299932,18.559196171546965
06109,Tuolumne,2018,47.5,47.9,49.7,2.085025359,0.033936928,1281.820407,194.4771871,54539,1.8433859312785723,2.80194661554343,1.9724229464680725,253.44713169149097,307.642678071081,12.673278277540186,9.0779075523937,26.18126478299932,18.559196171546965
06109,Tuolumne,2019,44,45.8,47.3,1.135099587,0.009129981,356.5859326,124.002692,54539,1.8433859312785723,2.80194661554343,1.9724229464680725,253.44713169149097,307.642678071081,12.673278277540186,9.0779075523937,26.18126478299932,18.559196171546965
06109,Tuolumne,2020,NA,52.6,50.7,1.735274183,0.017505135,1289.918268,243.8301484,54539,1.8433859312785723,2.80194661554343,1.9724229464680725,253.44713169149097,307.642678071081,12.673278277540186,9.0779075523937,26.18126478299932,18.559196171546965
06111,Ventura,2015,35.3,35.1,34.8,1.192307692,0.007803594,433.875,136.6463005,850967,0.936523600980072,1.5944314306685723,2.238291406342372,98.65807874524567,178.31058166310203,10.046088667713232,12.18331615679574,15.557242525268313,53.81383766938084
06111,Ventura,2016,32.4,33,33.4,1.602409639,0.012455737,762.0658635,151.6246973,850967,0.936523600980072,1.5944314306685723,2.238291406342372,98.65807874524567,178.31058166310203,10.046088667713232,12.18331615679574,15.557242525268313,53.81383766938084
06111,Ventura,2017,34.8,34.6,34,1.615306698,0.169069636,3710.771069,147.6674445,850967,0.936523600980072,1.5944314306685723,2.238291406342372,98.65807874524567,178.31058166310203,10.046088667713232,12.18331615679574,15.557242525268313,53.81383766938084
06111,Ventura,2018,30.4,30.2,31.4,1.128735182,0.036041306,2018.479173,141.541217,850967,0.936523600980072,1.5944314306685723,2.238291406342372,98.65807874524567,178.31058166310203,10.046088667713232,12.18331615679574,15.557242525268313,53.81383766938084
06111,Ventura,2019,29.8,31,31.4,1,0.018608571,1798.056452,144.6638785,850967,0.936523600980072,1.5944314306685723,2.238291406342372,98.65807874524567,178.31058166310203,10.046088667713232,12.18331615679574,15.557242525268313,53.81383766938084
06111,Ventura,2020,NA,32.8,33.7,1.141264455,0.00849862,220.2410671,166.0003979,850967,0.936523600980072,1.5944314306685723,2.238291406342372,98.65807874524567,178.31058166310203,10.046088667713232,12.18331615679574,15.557242525268313,53.81383766938084
06113,Yolo,2015,44.1,44.1,43,1.517495793,0.029495083,3121.5543,150.0656288,220408,0.912758538856131,0.7119516603077822,3.546066923456069,66.49445955566914,150.40891582540755,18.111867686522206,11.46328626910094,12.492740735363508,51.879695836811734
06113,Yolo,2016,38.4,39.5,40.3,1.039408867,0.025833808,227.6067734,134.4454016,220408,0.912758538856131,0.7119516603077822,3.546066923456069,66.49445955566914,150.40891582540755,18.111867686522206,11.46328626910094,12.492740735363508,51.879695836811734
06113,Yolo,2017,43.3,43,42.2,1.137203166,0.027492008,278.8815057,155.6739436,220408,0.912758538856131,0.7119516603077822,3.546066923456069,66.49445955566914,150.40891582540755,18.111867686522206,11.46328626910094,12.492740735363508,51.879695836811734
06113,Yolo,2018,38.9,42.6,43.6,1.454527596,0.116604649,1661.739857,212.2368809,220408,0.912758538856131,0.7119516603077822,3.546066923456069,66.49445955566914,150.40891582540755,18.111867686522206,11.46328626910094,12.492740735363508,51.879695836811734
06113,Yolo,2019,34.5,34.6,39.6,1.044278521,0.014657823,245.7741795,134.1173905,220408,0.912758538856131,0.7119516603077822,3.546066923456069,66.49445955566914,150.40891582540755,18.111867686522206,11.46328626910094,12.492740735363508,51.879695836811734
06113,Yolo,2020,NA,42,43.9,1.260682134,0.123690493,2304.725157,208.2764527,220408,0.912758538856131,0.7119516603077822,3.546066923456069,66.49445955566914,150.40891582540755,18.111867686522206,11.46328626910094,12.492740735363508,51.879695836811734
06115,Yuba,2015,45.4,45.3,44.2,1,0.033457414,355.870259,139.7876473,78041,1.2981786553465489,2.8430112552089417,0.5971621814594125,133.38785683685788,177.5129493320871,17.652633355402372,15.926243897438528,12.75611537525147,43.365666764905626
06115,Yuba,2016,39.2,39.3,42.7,1,0.016989399,190.2867848,132.7479358,78041,1.2981786553465489,2.8430112552089417,0.5971621814594125,133.38785683685788,177.5129493320871,17.652633355402372,15.926243897438528,12.75611537525147,43.365666764905626
06115,Yuba,2017,47.9,45.7,45.2,1.1241395,0.035520716,401.6989437,153.9210503,78041,1.2981786553465489,2.8430112552089417,0.5971621814594125,133.38785683685788,177.5129493320871,17.652633355402372,15.926243897438528,12.75611537525147,43.365666764905626
06115,Yuba,2018,43,43.3,45.1,1.198483023,0.02850832,216.2900333,197.4129823,78041,1.2981786553465489,2.8430112552089417,0.5971621814594125,133.38785683685788,177.5129493320871,17.652633355402372,15.926243897438528,12.75611537525147,43.365666764905626
06115,Yuba,2019,42.3,42.2,43.1,1.222241029,0.035817783,257.5778605,127.0989303,78041,1.2981786553465489,2.8430112552089417,0.5971621814594125,133.38785683685788,177.5129493320871,17.652633355402372,15.926243897438528,12.75611537525147,43.365666764905626
06115,Yuba,2020,NA,43.2,45.8,1.36729603,0.046987095,224.6621323,232.6365152,78041,1.2981786553465489,2.8430112552089417,0.5971621814594125,133.38785683685788,177.5129493320871,17.652633355402372,15.926243897438528,12.75611537525147,43.365666764905626
